CASE_ID,ACCIDENT_YEAR,PROC_DATE,JURIS,COLLISION_DATE,COLLISION_TIME,OFFICER_ID,REPORTING_DISTRICT,DAY_OF_WEEK,CHP_SHIFT,POPULATION,CNTY_CITY_LOC,SPECIAL_COND,BEAT_TYPE,CHP_BEAT_TYPE,CITY_DIVISION_LAPD,CHP_BEAT_CLASS,BEAT_NUMBER,PRIMARY_RD,SECONDARY_RD,DISTANCE,DIRECTION,INTERSECTION,WEATHER_1,WEATHER_2,STATE_HWY_IND,CALTRANS_COUNTY,CALTRANS_DISTRICT,STATE_ROUTE,ROUTE_SUFFIX,POSTMILE_PREFIX,POSTMILE,LOCATION_TYPE,RAMP_INTERSECTION,SIDE_OF_HWY,TOW_AWAY,COLLISION_SEVERITY,NUMBER_KILLED,NUMBER_INJURED,PARTY_COUNT,PRIMARY_COLL_FACTOR,PCF_CODE_OF_VIOL,PCF_VIOL_CATEGORY,PCF_VIOLATION,PCF_VIOL_SUBSECTION,HIT_AND_RUN,TYPE_OF_COLLISION,MVIW,PED_ACTION,ROAD_SURFACE,ROAD_COND_1,ROAD_COND_2,LIGHTING,CONTROL_DEVICE,CHP_ROAD_TYPE,PEDESTRIAN_ACCIDENT,BICYCLE_ACCIDENT,MOTORCYCLE_ACCIDENT,TRUCK_ACCIDENT,NOT_PRIVATE_PROPERTY,ALCOHOL_INVOLVED,STWD_VEHTYPE_AT_FAULT,CHP_VEHTYPE_AT_FAULT,COUNT_SEVERE_INJ,COUNT_VISIBLE_INJ,COUNT_COMPLAINT_PAIN,COUNT_PED_KILLED,COUNT_PED_INJURED,COUNT_BICYCLIST_KILLED,COUNT_BICYCLIST_INJURED,COUNT_MC_KILLED,COUNT_MC_INJURED,PRIMARY_RAMP,SECONDARY_RAMP,LATITUDE,LONGITUDE,COUNTY,CITY,POINT_X,POINT_Y
91391512,2021,2021-01-20,9135,2021-01-13,1615,019257,,3,2,9,4500,0,1,3,,1,301,"STATE ROUTE 299","SWASEY DRIVE",332.00,W,N,A,-,Y,,,,,,,,,,Y,3,0,1,1,A,-,01,23152,F,N,E,I,A,A,H,-,A,D,0,,,,,Y,,A,01,0,1,0,0,0,0,0,0,0,"- ","- ",40.352588653564453,-122.28489685058594,SHASTA,UNINCORPORATED,-122.48065948486328,40.590793609619141
91496020,2021,2021-07-01,9135,2021-06-07,0330,016960,,1,3,9,4500,0,3,5,,2,001,"LAKE BLVD","PETERSON LN",10.00,S,N,A,-,N,,,,,,,,,,Y,3,0,1,1,A,-,08,22107,,N,E,I,A,A,H,-,D,A,0,,,,,Y,,A,01,0,1,0,0,0,0,0,0,0,"- ","- ",40.642528533935547,-122.3973388671875,SHASTA,UNINCORPORATED,-122.39781951904297,40.642265319824219
9439039,2021,2022-05-24,4502,2021-08-01,1209,537,R04,7,5,5,4502,0,0,0,,0,004,"SOUTH BONNYVIEW RD","INDIANWOOD DR",1012.00,E,N,A,-,N,,,,,,,,,,N,3,0,1,2,A,-,06,21750,,F,B,G,A,A,H,-,A,D,0,,Y,,,Y,,D,22,0,1,0,0,0,0,1,0,0,"- ","- ",40.539039611816406,-122.35472869873047,SHASTA,REDDING,-122.35853576660156,40.538482666015625
9446380,2021,2022-05-27,4502,2021-09-28,0734,162,R03,2,5,5,4502,0,0,0,,0,003,"RANCHO RD","SHASTA VIEW DR",0.00,,Y,A,-,N,,,,,,,,,,Y,3,0,4,2,A,-,09,21802,A,N,D,C,A,A,H,-,A,A,0,,,,,Y,,A,08,0,4,0,0,0,0,0,0,0,"- ","- ",40.534751892089844,-122.3177490234375,SHASTA,REDDING,-122.3177490234375,40.534732818603516
91564630,2021,2021-09-15,9135,2021-09-03,0825,016424,,5,1,9,4500,0,1,3,,1,301,"STATE ROUTE-299","HOADLEY PEAK ROAD",5280.00,E,N,A,-,Y,,,299,,,,,,,Y,3,0,1,1,A,-,03,22350,,N,F,A,A,A,H,-,A,D,0,,,,Y,Y,,G,25,0,1,0,0,0,0,0,0,0,"- ","- ",40.646068572998047,-122.71808624267578,SHASTA,UNINCORPORATED,-122.71839141845703,40.645835876464844
9448535,2021,2022-06-06,4502,2021-10-23,1440,R0283,R03,6,5,5,4502,0,0,0,,0,R03,"EAST CYPRESS AV","HILLTOP DR",410.00,W,N,B,C,N,,,,,,,,,,N,4,0,1,3,A,-,03,22350,,N,C,C,A,B,H,-,A,A,0,,,,,Y,,D,22,0,0,1,0,0,0,0,0,0,"- ","- ",,,SHASTA,REDDING,-122.35953521728516,40.571048736572266
9498921,2021,2022-11-03,4502,2021-11-19,1322,525,R07,5,5,5,4502,0,0,0,,0,007,"RT 273","NORTHPOINT DR",0.00,,Y,A,-,Y,SHA,2,273,-,-,18.930,H,-,S,N,4,0,1,2,A,-,03,22350,,N,C,C,A,A,H,-,A,A,0,,,,,Y,,A,07,0,0,1,0,0,0,0,0,0,"- ","- ",40.613468170166016,-122.37542724609375,SHASTA,REDDING,-122.37545013427734,40.613636016845703
91551052,2021,2021-08-23,9135,2021-08-09,2105,020361,,1,2,9,4500,0,1,3,,2,402,SR-44,"AUNTIE BO'S WAY",225.00,E,N,A,-,N,,,,,,,,,,N,2,0,1,2,A,-,08,22107,,F,D,G,A,A,H,-,D,D,0,,Y,,,Y,,-,99,1,0,0,0,0,0,1,0,0,"- ","- ",40.500148773193359,-122.84844207763672,SHASTA,UNINCORPORATED,-121.84870910644531,40.500095367431641
91579389,2021,2021-09-24,9135,2021-09-21,1745,018837,,2,2,9,4500,0,3,5,,2,003,"CANYON RD","VALLEY VIEW RD",1523.00,W,N,A,-,N,,,,,,,,,,Y,2,0,1,1,A,-,08,22107,,N,F,A,A,A,H,-,A,A,0,,,Y,,Y,,C,02,1,0,0,0,0,0,0,0,1,"- ","- ",40.497310638427734,-122.38700103759766,SHASTA,UNINCORPORATED,-122.38643646240234,40.494838714599609
9445889,2021,2022-05-24,4502,2021-08-23,1413,525,R07,1,5,5,4502,0,0,0,,0,007,"LAKE BL","ST MARKS ST",315.00,E,N,A,-,N,,,,,,,,,,N,4,0,3,2,A,-,09,21804,B,N,D,C,A,A,H,-,A,D,0,,,,,Y,,A,01,0,0,3,0,0,0,0,0,0,"- ","- ",40.616649627685547,-122.39334106445312,SHASTA,REDDING,-122.39117431640625,40.615959167480469
91743587,2021,2022-04-07,9135,2021-12-26,2055,019257,,7,2,9,4500,0,1,3,,1,302,"STATE ROUTE 273 N/B","JESSIE ROAD",150.00,S,N,C,-,Y,,,,,,,,,,Y,1,1,0,2,A,-,03,22350,,F,G,B,E,B,H,-,D,D,0,Y,,,,Y,,A,01,0,0,0,1,0,0,0,0,0,"- ","- ",40.291221618652344,-122.2115478515625,SHASTA,UNINCORPORATED,-122.35479736328125,40.486949920654297
91387488,2021,2021-01-14,9135,2021-01-07,1612,018829,,4,2,9,4500,0,1,3,,2,402,"WILSON HILL ROAD","MANTON PONDEROSA WAY",3379.00,S,N,B,-,N,,,,,,,,,,Y,3,0,1,1,A,-,01,23152,A,N,E,I,A,A,H,-,B,D,0,,,,,Y,Y,A,01,0,1,0,0,0,0,0,0,0,"- ","- ",40.473419189453125,-122.87539672851562,SHASTA,UNINCORPORATED,-121.87533569335938,40.473602294921875
9338697,2021,2021-10-08,4502,2021-02-01,1751,R0540,R03,1,5,5,4502,0,0,0,,0,003,"AIRPORT RD","KNIGHTON RD",1320.00,S,N,C,-,N,,,,,,,,,,Y,3,0,1,2,A,-,05,21650,,N,B,C,A,B,H,-,D,D,0,,,,,Y,,A,01,0,1,0,0,0,0,0,0,0,"- ","- ",40.505580902099609,-122.30274200439453,SHASTA,REDDING,-122.30274963378906,40.501945495605469
91519840,2021,2021-07-14,9135,2021-07-03,0938,018777,,6,1,9,4500,0,1,3,,2,602,"STATE ROUTE 299","BLACK RANCH ROAD",310.00,E,N,A,-,Y,,,,,,,,,,Y,2,0,2,1,A,-,08,22107,,N,E,I,A,A,H,-,A,D,0,,,,,Y,,D,22,1,1,0,0,0,0,0,0,0,"- ","- ",40.893409729003906,-121.54952239990234,SHASTA,UNINCORPORATED,-121.64963531494141,40.893463134765625
91534799,2021,2021-08-02,9135,2021-07-27,0915,016424,,2,1,9,4500,0,3,5,,2,002,"OAK RUN ROAD","LITTLE RIDGE ROAD",3696.00,W,N,B,C,N,,,,,,,,,,Y,4,0,2,1,A,-,08,22107,,N,E,I,A,B,H,-,A,D,0,,,,,Y,,D,22,0,0,2,0,0,0,0,0,0,"- ","- ",40.585060119628906,-122.17849731445312,SHASTA,UNINCORPORATED,-122.178466796875,40.584999084472656
91570127,2021,2021-09-14,9146,2021-09-10,0200,020811,,5,3,9,4500,0,1,1,,2,014,"I-5 S/B","SLATE CREEK ROAD",800.00,S,N,C,-,Y,,,5,,,,,,S,Y,4,0,1,1,A,-,03,22350,,N,E,I,A,B,H,-,D,D,0,,,,,Y,,D,22,0,0,1,0,0,0,0,0,0,"- ","- ",40.976730346679688,-122.43315887451172,SHASTA,UNINCORPORATED,-122.43324279785156,40.976737976074219
9250266,2021,2021-04-28,4501,2021-04-06,1533,228,A01,2,5,2,4501,0,0,0,,0,CITY,"RT 273","3RD ST",0.00,,Y,A,-,Y,SHA,2,273,-,-,6.400,I,5,S,N,4,0,1,2,A,-,12,21453,A,N,D,C,A,A,H,-,A,A,0,,,,,Y,,D,22,0,0,1,0,0,0,0,0,0,"- ","- ",,,SHASTA,ANDERSON,-122.31504058837891,40.459667205810547
91460469,2021,2021-05-27,9135,2021-04-20,1857,018829,,2,2,9,4500,0,3,5,,2,002,"WHITMORE RD","BUGGY ROAD",775.00,E,N,B,-,N,,,,,,,,,,Y,3,0,1,1,A,-,01,23152,G,N,E,I,A,A,H,-,A,D,0,,,,,Y,Y,D,22,0,1,0,0,0,0,0,0,0,"- ","- ",40.621620178222656,-122.00936126708984,SHASTA,UNINCORPORATED,-122.00938415527344,40.619335174560547
9435910,2021,2022-04-26,4502,2021-07-23,1212,537,R03,5,5,5,4502,0,0,0,,0,003,"RANCHO RD","SHASTA VIEW DR",0.00,,Y,A,-,N,,,,,,,,,,Y,4,0,1,2,A,-,09,21804,A,N,D,C,A,A,H,-,A,D,0,,,,,Y,,A,01,0,0,1,0,0,0,0,0,0,"- ","- ",40.534751892089844,-122.3177490234375,SHASTA,REDDING,-122.3177490234375,40.534732818603516
9448491,2021,2022-06-06,4502,2021-10-14,0818,539,R06,4,5,5,4502,0,0,0,,0,006,"PARK MARINA DR","SOUTH ST",30.00,N,N,A,-,N,,,,,,,,,,Y,4,0,2,2,A,-,09,21804,A,N,A,C,A,A,H,-,A,D,0,,,,,Y,,A,08,0,0,2,0,0,0,0,0,0,"- ","- ",40.579738616943359,-122.37049865722656,SHASTA,REDDING,-122.37052154541016,40.579799652099609
91430115,2021,2021-03-18,9135,2021-03-16,1424,018866,,2,2,9,4500,0,3,5,,2,006,"BLACK RANCH RD","VEDDER RD",19008.00,E,N,A,-,N,,,,,,,,,,Y,3,0,1,1,A,-,08,22107,,N,E,I,A,A,H,-,A,D,0,,,,,Y,,A,01,0,1,0,0,0,0,0,0,0,"- ","- ",40.960338592529297,-121.63812255859375,SHASTA,UNINCORPORATED,-121.63861083984375,40.955520629882812
91447957,2021,2021-04-12,9135,2021-04-05,0030,019101,,1,3,9,4500,0,3,5,,2,002,"OLD OREGON TRL","HARLEY LEIGHTON RD",700.00,S,N,A,-,N,,,,,,,,,,Y,2,0,2,1,A,-,01,23152,A,N,E,I,A,A,H,-,D,D,0,,,,,Y,Y,A,01,1,1,0,0,0,0,0,0,0,"- ","- ",40.584648132324219,-122.3070068359375,SHASTA,UNINCORPORATED,-122.30697631835938,40.584312438964844
91451110,2021,2021-04-15,9135,2021-04-02,1340,017698,,5,1,9,4500,0,3,5,,2,003,"RIVERLAND DRIVE","KNIGHTON ROAD",4752.00,S,N,A,-,N,,,,,,,,,,Y,2,0,2,2,A,-,06,21750,,N,B,C,A,A,H,-,A,D,0,,,,,Y,,A,01,1,0,1,0,0,0,0,0,0,"- ","- ",40.494480133056641,-122.33119201660156,SHASTA,UNINCORPORATED,-122.33143615722656,40.494773864746094
9276914,2021,2021-06-15,4501,2021-04-12,2141,231,A02,1,5,2,4501,0,0,0,,0,002,"RAVENWOOD LN","DAISY ST",0.00,,Y,A,-,N,,,,,,,,,,N,3,0,1,1,A,-,17,21235,G,N,E,I,A,A,G,-,D,D,0,,,,,Y,,-,,0,1,0,0,0,0,0,0,0,"- ","- ",,,SHASTA,ANDERSON,-122.29399108886719,40.46612548828125
9433741,2021,2022-10-14,4502,2021-12-25,0741,524,R02,6,5,5,4502,0,0,0,,0,002,"CYPRESS AV","LARKSPUR LN",208.00,W,N,C,-,N,,,,,,,,,,Y,3,0,1,1,A,-,05,21650,,N,A,I,A,B,H,-,A,D,0,,,,,Y,,A,08,0,1,0,0,0,0,0,0,0,"- ","- ",40.570869445800781,-122.35671997070312,SHASTA,REDDING,-122.35617065429688,40.571041107177734
9452033,2021,2022-06-01,4502,2021-08-04,0518,133,R02,3,5,5,4502,0,0,0,,0,,"HARTNELL AV","FAIRWAY AV",30.00,W,N,A,-,N,,,,,,,,,,Y,4,0,1,2,A,-,01,23152,A,N,D,C,A,A,H,-,C,D,0,,,,,Y,Y,A,01,0,0,1,0,0,0,0,0,0,"- ","- ",,,SHASTA,REDDING,-122.34186553955078,40.563739776611328
9514188,2021,2022-11-04,4502,2021-12-16,0703,118,R02,4,5,5,4502,0,0,0,,0,002,"SHASTA VIEW DR","HARTNELL AV",30.00,N,N,B,-,N,,,,,,,,,,N,4,0,1,2,A,-,03,22350,,N,C,C,A,B,H,-,B,A,0,,,,,Y,,A,07,0,0,1,0,0,0,0,0,0,"- ","- ",40.563758850097656,-122.32546997070312,SHASTA,REDDING,-122.32548522949219,40.563850402832031
91507690,2021,2021-06-28,9135,2021-06-22,1435,018829,,2,2,9,4500,0,1,3,,1,201,SR-299,"OAK RUN ROAD",11616.00,W,N,A,-,Y,,,299,,,,,,,Y,3,0,1,1,A,-,08,22107,,N,F,A,A,A,H,-,A,D,0,,,,Y,Y,,G,25,0,1,0,0,0,0,0,0,0,"- ","- ",40.746200561523438,-122.06246185302734,SHASTA,UNINCORPORATED,-122.06244659423828,40.746185302734375
9368837,2021,2022-01-06,4502,2021-04-30,0253,185,R05,5,5,5,4502,0,0,0,,0,005,"BUENAVENTURA BL","STARLIGHT BL",0.00,,Y,A,-,N,,,,,,,,,,Y,3,0,1,1,A,-,01,23152,A,N,E,J,A,A,H,-,D,D,0,,,,,Y,Y,D,22,0,1,0,0,0,0,0,0,0,"- ","- ",,,SHASTA,REDDING,-122.40856170654297,40.567409515380859
91452588,2021,2021-04-19,9135,2021-04-07,1918,019030,,3,2,9,4500,0,3,5,,2,001,"IRON MOUNTAIN RD","ROCK CREEK",254.00,S,N,A,-,N,,,,,,,,,,Y,2,0,2,2,A,-,09,21801,A,N,D,C,A,A,H,-,A,D,0,,,Y,,Y,Y,M,47,2,0,0,0,0,0,0,0,2,"- ","- ",40.612678527832031,-122.4593505859375,SHASTA,UNINCORPORATED,-122.466064453125,40.623710632324219
91477833,2021,2021-05-27,9135,2021-05-19,1107,018704,,3,1,9,4500,0,3,5,,2,004,"E. KNIGHTON RD","CHURN CREEK",0.00,,Y,A,-,N,,,,,,,,,,N,4,0,1,2,A,-,12,21453,A,N,D,C,A,A,H,-,A,A,0,,,,,Y,,A,01,0,0,1,0,0,0,0,0,0,"- ","- ",40.508251190185547,-122.32363891601562,SHASTA,UNINCORPORATED,-122.33362579345703,40.505653381347656
9435905,2021,2022-04-26,4502,2021-07-27,1555,540,R02,2,5,5,4502,0,0,0,,0,002,"EAST CYPRESS AV","BECHELLI LN",5.00,W,N,A,-,N,,,,,,,,,,N,3,0,1,3,A,-,03,22350,,N,C,C,A,A,H,-,A,A,0,,,,,Y,,-,99,0,1,0,0,0,0,0,0,0,"- ","- ",40.571041107177734,-122.36271667480469,SHASTA,REDDING,-122.36275482177734,40.571048736572266
91443136,2021,2021-04-05,9135,2021-03-30,1607,018829,,2,2,9,4500,0,3,5,,2,002,"BEAR MOUNTAIN RD","JENNIFER DRIVE",165.00,W,N,A,-,N,,,,,,,,,,Y,4,0,1,1,A,-,08,22107,,N,E,I,A,A,H,-,A,D,0,,,,,Y,,A,01,0,0,1,0,0,0,0,0,0,"- ","- ",40.700469970703125,-122.27001953125,SHASTA,UNINCORPORATED,-122.26991271972656,40.700412750244141
91570106,2021,2021-09-14,9135,2021-09-09,1530,018837,,4,2,5,4502,0,3,5,,2,004,"KNIGHTON ROAD","CHURN CREEK RD",0.00,,Y,B,-,N,,,,,,,,,,Y,3,0,1,2,A,-,17,21451,A,N,A,C,A,A,H,-,A,A,0,,,,,Y,,A,01,0,1,0,0,0,0,0,0,0,"- ","- ",40.508281707763672,-122.32420349121094,SHASTA,REDDING,-122.33362579345703,40.505653381347656
9369128,2021,2021-12-09,4502,2021-03-13,1928,529,R03,6,5,5,4502,0,0,0,,0,003,"CHURN CREEK RD","HILLMONTE DR",0.00,,Y,A,-,N,,,,,,,,,,N,4,0,1,2,A,-,10,21950,A,F,G,B,B,A,H,-,C,A,0,Y,,,,Y,,A,08,0,0,1,0,1,0,0,0,0,"- ","- ",40.538108825683594,-122.34898376464844,SHASTA,REDDING,-122.35152435302734,40.541759490966797
9429183,2021,2022-04-14,4502,2021-06-05,1155,537,R07,6,5,5,4502,0,0,0,,0,007,"LAKE BL E","RT 5",0.00,,Y,A,-,Y,SHA,2,5,-,R,17.534,R,4,S,Y,3,0,3,2,A,-,12,21453,A,N,D,C,A,A,H,-,A,A,0,,,,,Y,,A,01,0,2,1,0,0,0,0,0,0,"- ",SF,40.611698150634766,-122.36711883544922,SHASTA,REDDING,-122.36440277099609,40.615249633789062
9472815,2021,2022-07-21,4502,2021-09-13,1710,537,R05,1,5,5,4502,0,0,0,,0,005,"ATHENS AV","LOCUST ST",0.00,,Y,A,-,N,,,,,,,,,,N,3,0,1,2,A,-,12,21453,A,N,D,G,A,A,H,-,A,A,0,,Y,,,Y,,L,04,0,1,0,0,0,0,1,0,0,"- ","- ",40.575069427490234,-122.37628173828125,SHASTA,REDDING,-122.37625885009766,40.575050354003906
91395157,2021,2021-01-27,9135,2021-01-22,0745,014425,,5,1,5,4502,0,1,3,,2,402,SR-44,"MILLVILLE PLAINS ROAD",0.00,,Y,B,-,Y,,,,,,,,,,Y,3,0,1,2,A,-,09,21802,A,N,D,C,A,B,H,-,A,A,0,,,,,Y,,D,22,0,1,0,0,0,0,0,0,0,"- ","- ",40.538299560546875,-122.17420196533203,SHASTA,REDDING,-122.17426300048828,40.538440704345703
91443204,2021,2021-04-05,9135,2021-03-26,0000,019257,,5,3,9,4500,0,3,5,,2,004,"BALLS FERRY ROAD","ADOBE ROAD",640.00,E,N,A,-,N,,,,,,,,,,Y,4,0,1,1,A,-,08,22107,,M,E,I,A,A,H,-,D,D,0,,,,,Y,Y,D,22,0,0,1,0,0,0,0,0,0,"- ","- ",40.24163818359375,-122.13523101806641,SHASTA,UNINCORPORATED,-122.23151397705078,40.404167175292969
91531998,2021,2021-10-25,9135,2021-07-27,1100,016424,,2,1,9,4500,0,1,3,,1,201,"STATE ROUTE 299","SUGAR PINE CAMP ROAD",7920.00,E,N,B,C,Y,,,299,,,,,,,Y,2,0,6,2,A,-,05,21460,A,N,B,C,A,B,H,-,A,D,0,,,,,Y,,D,22,4,2,0,0,0,0,0,0,0,"- ","- ",40.729061126708984,-122.07613372802734,SHASTA,UNINCORPORATED,-122.07617950439453,40.72906494140625
9434385,2021,2022-04-12,4502,2021-06-24,1642,540,R05,4,5,5,4502,0,0,0,,0,005,"BUENAVENTURA BL","LAKESIDE DR",0.00,,Y,A,-,N,,,,,,,,,,Y,3,0,3,2,A,-,09,21801,A,N,D,C,A,A,H,-,A,D,0,,,,,Y,,A,07,0,2,1,0,0,0,0,0,0,"- ","- ",40.580348968505859,-122.42523956298828,SHASTA,REDDING,-122.42520141601562,40.580307006835938
9443830,2021,2022-05-24,4502,2021-08-19,1117,526,R06,4,5,5,4502,0,0,0,,0,006,"EAST ST","TRINITY ST",0.00,,Y,A,-,N,,,,,,,,,,Y,3,0,1,2,A,-,01,23152,A,M,D,C,A,A,H,-,A,D,0,,,,,Y,Y,D,22,0,1,0,0,0,0,0,0,0,"- ","- ",40.589218139648438,-122.39044189453125,SHASTA,REDDING,-122.39042663574219,40.589199066162109
9435917,2021,2022-04-25,4502,2021-07-01,2106,R0259,R01,4,5,5,4502,0,0,0,,0,R01,"RIVER TRAIL HILLTOP DR","RIVER BEND RD",980.00,W,N,A,-,N,,,,,,,,,,N,2,0,1,1,B,-,22,,,N,E,I,A,A,H,-,B,D,0,,,,,Y,,M,94,1,0,0,0,0,0,0,0,0,"- ","- ",40.596408843994141,-122.36788940429688,SHASTA,REDDING,-122.36894226074219,40.597209930419922
91559712,2021,2021-08-31,9135,2021-08-25,0040,018388,,3,3,9,4500,0,1,1,,2,054,"SWASEY DR","LOWER SPRINGS RD",2112.00,S,N,A,-,N,,,,,,,,,,Y,3,0,1,1,A,-,01,23152,A,N,E,I,A,A,H,-,D,D,0,,,,,Y,Y,A,01,0,1,0,0,0,0,0,0,0,"- ","- ",40.560550689697266,-122.47406768798828,SHASTA,UNINCORPORATED,-122.47402191162109,40.560752868652344
91463080,2021,2021-05-27,9135,2021-04-23,0130,018174,,5,3,9,4500,0,3,5,,2,003,"CANYON RD","CHINA GULCH DR",40.00,S,N,A,-,N,,,,,,,,,,Y,3,0,1,1,A,-,08,22107,,N,E,I,A,A,H,-,D,A,0,,,,,Y,,A,01,0,1,0,0,0,0,0,0,0,"- ","- ",40.488479614257812,-122.39350891113281,SHASTA,UNINCORPORATED,-122.39366149902344,40.488510131835938
91489992,2021,2021-06-04,9135,2021-06-02,1000,018398,,3,1,9,4500,0,3,5,,2,003,"PLACER STREET","MULETOWN ROAD",2640.00,W,N,A,-,N,,,,,,,,,,Y,3,0,1,1,A,-,08,22107,,N,E,I,A,A,H,-,A,D,0,,,,,Y,,A,07,0,1,0,0,0,0,0,0,0,"- ","- ",40.511791229248047,-122.52184295654297,SHASTA,UNINCORPORATED,-122.52276611328125,40.511146545410156
91596465,2021,2021-10-14,9135,2021-10-11,1840,019257,,1,2,2,4580,0,1,1,,2,055,"INTERSTATE 5 TO WB STATE ROUTE 151","INTERSTATE 5",180.00,W,N,A,-,Y,,,5,,,,R,,,Y,4,0,2,2,A,-,01,23152,A,N,D,C,A,A,H,-,C,A,0,,,,,Y,Y,A,01,0,0,2,0,0,0,0,0,0,"- ","- ",40.679939270019531,-122.35063171386719,SHASTA,"SHASTA LAKE",-122.35063171386719,40.679939270019531
91654577,2021,2021-12-16,9135,2021-08-01,2019,018866,,7,2,9,4500,0,3,5,,2,006,"FOREST ROUTE 11","FOREST ROUTE 38N11D",1007.00,W,N,A,-,N,,,,,,,,,,Y,1,1,1,1,A,-,08,22107,,N,E,I,A,A,A,B,B,D,0,,,,,Y,Y,A,07,0,1,0,0,0,0,0,0,0,"- ","- ",41.060451507568359,-121.94660186767578,SHASTA,UNINCORPORATED,-122.39353942871094,40.878711700439453
9368052,2021,2022-01-10,4502,2021-04-01,1953,540,R05,4,5,5,4502,0,0,0,,0,005,"PLACER RD","PINE ST",0.00,,Y,A,-,N,,,,,,,,,,Y,3,0,2,2,A,-,12,21453,A,N,D,C,A,A,H,-,C,A,0,,,,,Y,,A,01,0,2,0,0,0,0,0,0,0,"- ","- ",40.582710266113281,-122.38873291015625,SHASTA,REDDING,-122.38877105712891,40.58270263671875
9414831,2021,2022-03-03,4502,2021-05-20,1940,524,R04,4,5,5,4502,0,0,0,,0,004,"SOUTH BONNYVIEW RD","INDIANWOOD DR",820.00,E,N,A,-,N,,,,,,,,,,Y,3,0,3,2,A,-,01,23152,A,N,F,C,A,A,H,-,B,D,0,,,,,Y,Y,A,01,0,1,2,0,0,0,0,0,0,"- ","- ",40.538200378417969,-122.35849761962891,SHASTA,REDDING,-122.35903167724609,40.538116455078125
91452089,2021,2021-04-16,9135,2021-04-10,1058,017428,,6,1,9,4500,0,1,3,,1,302,"SR-273 N/B","ACCESS ROAD FOR EASTSIDE RD.",0.00,,Y,A,-,Y,,,273,,,,,,N,Y,4,0,4,2,A,-,09,21801,A,N,D,C,A,A,H,-,A,D,0,,,,,Y,,A,01,0,0,4,0,0,0,0,0,0,"- ","- ",40.498039245605469,-122.37084197998047,SHASTA,UNINCORPORATED,-122.370849609375,40.498023986816406
91498726,2021,2021-06-16,9135,2021-06-01,1333,019030,,2,1,9,4500,0,1,3,,2,402,SR-44,"INWOOD RD",1143.00,E,N,A,-,N,,,44,,,,,,,Y,2,0,1,3,A,-,05,21460,A,N,D,C,A,A,H,-,A,D,0,,,Y,,Y,,C,03,1,0,0,0,0,0,0,0,1,"- ","- ",40.503860473632812,-121.99939727783203,SHASTA,UNINCORPORATED,-121.99938201904297,40.503871917724609
91598014,2021,2021-10-15,9146,2021-10-09,0705,020593,,6,1,9,4500,0,1,1,,2,014,"I-5 SOUTHBOUND","SLATE CREEK ROAD",2640.00,N,N,A,-,Y,,,5,,,,,,S,N,3,0,1,2,A,-,07,21658,A,M,B,C,A,A,H,-,B,D,0,,,,,Y,Y,-,99,0,1,0,0,0,0,0,0,0,"- ","- ",40.9853515625,-122.42935180664062,SHASTA,UNINCORPORATED,-122.42943572998047,40.985382080078125
91624643,2021,2021-11-15,9135,2021-11-11,2130,018388,,4,2,9,4500,0,1,1,,2,053,"I-5 SOUTHBOUND","GAS POINT RD",1056.00,S,N,A,-,Y,,,5,,,,,,S,Y,3,0,1,1,A,-,01,23152,A,N,E,I,A,A,H,-,D,D,0,,,,,Y,Y,A,07,0,1,0,0,0,0,0,0,0,"- ","- ",40.386161804199219,-122.28542327880859,SHASTA,UNINCORPORATED,-122.28532409667969,40.386165618896484
9320200,2021,2021-12-27,4502,2021-06-28,1403,338,R05,1,5,5,4502,0,0,0,,0,005,"RT 273","YUBA ST",26.00,N,N,A,-,Y,SHA,2,273,-,R,16.600,H,-,S,N,1,1,0,2,A,-,17,21657,,N,G,B,F,A,H,-,A,A,0,Y,,,,Y,,A,01,0,0,0,1,0,0,0,0,0,"- ","- ",40.583049774169922,-122.39176177978516,SHASTA,REDDING,-122.39179229736328,40.583221435546875