CASE_ID,ACCIDENT_YEAR,PROC_DATE,JURIS,COLLISION_DATE,COLLISION_TIME,OFFICER_ID,REPORTING_DISTRICT,DAY_OF_WEEK,CHP_SHIFT,POPULATION,CNTY_CITY_LOC,SPECIAL_COND,BEAT_TYPE,CHP_BEAT_TYPE,CITY_DIVISION_LAPD,CHP_BEAT_CLASS,BEAT_NUMBER,PRIMARY_RD,SECONDARY_RD,DISTANCE,DIRECTION,INTERSECTION,WEATHER_1,WEATHER_2,STATE_HWY_IND,CALTRANS_COUNTY,CALTRANS_DISTRICT,STATE_ROUTE,ROUTE_SUFFIX,POSTMILE_PREFIX,POSTMILE,LOCATION_TYPE,RAMP_INTERSECTION,SIDE_OF_HWY,TOW_AWAY,COLLISION_SEVERITY,NUMBER_KILLED,NUMBER_INJURED,PARTY_COUNT,PRIMARY_COLL_FACTOR,PCF_CODE_OF_VIOL,PCF_VIOL_CATEGORY,PCF_VIOLATION,PCF_VIOL_SUBSECTION,HIT_AND_RUN,TYPE_OF_COLLISION,MVIW,PED_ACTION,ROAD_SURFACE,ROAD_COND_1,ROAD_COND_2,LIGHTING,CONTROL_DEVICE,CHP_ROAD_TYPE,PEDESTRIAN_ACCIDENT,BICYCLE_ACCIDENT,MOTORCYCLE_ACCIDENT,TRUCK_ACCIDENT,NOT_PRIVATE_PROPERTY,ALCOHOL_INVOLVED,STWD_VEHTYPE_AT_FAULT,CHP_VEHTYPE_AT_FAULT,COUNT_SEVERE_INJ,COUNT_VISIBLE_INJ,COUNT_COMPLAINT_PAIN,COUNT_PED_KILLED,COUNT_PED_INJURED,COUNT_BICYCLIST_KILLED,COUNT_BICYCLIST_INJURED,COUNT_MC_KILLED,COUNT_MC_INJURED,PRIMARY_RAMP,SECONDARY_RAMP,LATITUDE,LONGITUDE,COUNTY,CITY,POINT_X,POINT_Y
9338689,2021,2021-10-04,4502,2021-02-13,1322,529,R05,6,5,5,4502,0,0,0,,0,005,"COURT ST","ROSALINE AV",0.00,,Y,A,-,N,,,,,,,,,,Y,4,0,1,2,A,-,09,21804,A,N,D,C,A,A,H,-,A,D,0,,,,,Y,,A,01,0,0,1,0,0,0,0,0,0,"- ","- ",40.573509216308594,-122.39228057861328,SHASTA,REDDING,-122.39226531982422,40.573493957519531
91513139,2021,2021-07-06,9135,2021-07-04,1535,016424,,7,2,9,4500,0,1,3,,1,301,"STATE ROUTE 299","WHISKEY CREEK ROAD",5808.00,E,N,A,-,Y,,,299,,,,,,,Y,4,0,1,3,A,-,05,21460,A,N,B,C,A,A,H,-,A,D,0,,,,,Y,,D,22,0,0,1,0,0,0,0,0,0,"- ","- ",40.626560211181641,-122.54270172119141,SHASTA,UNINCORPORATED,-122.54270172119141,40.626552581787109
91560641,2021,2021-09-01,9135,2021-08-25,1420,016480,,3,2,9,4500,0,1,3,,1,301,SR-299,"S. SHORE DR.",2640.00,W,N,A,-,Y,,,299,,,,,,,Y,3,0,1,1,A,-,08,22107,,N,E,I,A,A,H,-,A,D,0,,,,,Y,,A,01,0,1,0,0,0,0,0,0,0,"- ","- ",40.660800933837891,-122.62687683105469,SHASTA,UNINCORPORATED,-122.62681579589844,40.660884857177734
9414825,2021,2022-02-28,4502,2021-05-28,1050,537,R05,5,5,5,4502,0,0,0,,0,005,"PLACER ST","OREGON ST",0.00,,Y,A,-,N,,,,,,,,,,Y,4,0,1,2,A,-,09,21804,A,N,B,C,A,A,H,-,A,D,0,,,,,Y,,A,07,0,0,1,0,0,0,0,0,0,"- ","- ",40.581501007080078,-122.39360046386719,SHASTA,REDDING,-122.39356231689453,40.581512451171875
9513344,2021,2022-11-01,4502,2021-11-08,1414,540,R02,1,5,5,4502,0,0,0,,0,002,"CHURN CREEK RD","LE BRUN LN",0.00,,Y,B,-,N,,,,,,,,,,N,3,0,1,2,A,-,12,22450,A,N,D,G,A,A,H,-,A,A,0,,Y,,,Y,Y,A,01,0,1,0,0,0,0,1,0,0,"- ","- ",40.560901641845703,-122.35330963134766,SHASTA,REDDING,-122.35308074951172,40.560867309570312
91501407,2021,2021-06-21,9135,2021-06-18,1620,019680,,5,2,9,4500,0,1,3,,2,602,"BLACK RANCH RD.","RT 299",19008.00,N,N,A,-,N,,,,,,,,,,N,2,0,1,1,A,-,03,22350,,N,E,I,A,A,H,-,A,D,0,,,Y,,Y,,C,02,1,0,0,0,0,0,0,0,1,"- ","- ",40.533298492431641,-121.38559722900391,SHASTA,UNINCORPORATED,-121.64546203613281,40.943454742431641
91618530,2021,2021-11-08,9135,2021-10-29,2225,020361,,5,3,9,4500,0,3,5,,2,001,"WHITE HOUSE DRIVE","HAPPY VALLEY ROAD",294.00,N,N,B,-,N,,,,,,,,,,N,2,0,2,3,A,-,08,22107,,F,G,B,E,A,H,-,D,D,0,Y,,,,Y,,-,99,1,1,0,0,2,0,0,0,0,"- ","- ",40.494651794433594,-122.36721038818359,SHASTA,UNINCORPORATED,-122.36716461181641,40.494670867919922
91621823,2021,2021-11-10,9135,2021-11-01,0505,015627,,1,3,9,4500,0,1,3,,2,601,SR-299,"SAWMILL CUTOFF RD",4224.00,W,N,B,-,Y,,,,,,,,,,Y,4,0,1,1,A,-,08,22107,,N,F,A,A,D,H,-,D,D,0,,,,,Y,,A,07,0,0,1,0,0,0,0,0,0,"- ","- ",,,SHASTA,UNINCORPORATED,-121.14748382568359,41.119853973388672
9414837,2021,2022-02-28,4502,2021-05-07,0904,539,R01,5,5,5,4502,0,0,0,,0,001,"DANA DR","CHURN CREEK RD",0.00,,Y,A,-,N,,,,,,,,,,Y,4,0,2,2,A,-,12,21453,A,N,D,C,A,A,H,-,A,A,0,,,,,Y,,A,07,0,0,2,0,0,0,0,0,0,"- ","- ",40.586181640625,-122.35147094726562,SHASTA,REDDING,-122.35152435302734,40.586193084716797
9425752,2021,2022-04-14,4502,2021-06-11,1207,529,R02,5,5,5,4502,0,0,0,,0,002,"EAST CYPRESS AV","HILLTOP DR",0.00,,Y,A,-,N,,,,,,,,,,Y,3,0,1,2,A,-,08,22107,,N,B,C,A,A,H,-,A,A,0,,,Y,,Y,,A,01,0,1,0,0,0,0,0,0,1,"- ","- ",40.571041107177734,-122.35806274414062,SHASTA,REDDING,-122.35806274414062,40.571044921875
9433759,2021,2022-10-18,4502,2021-12-30,1153,540,R05,4,5,5,4502,0,0,0,,0,005,"PINE ST","GOLD ST",13.00,N,N,A,-,Y,SHA,2,273,-,R,16.260,H,-,N,N,3,0,2,2,A,-,03,22350,,N,C,C,A,A,H,-,A,A,0,,,,,Y,,A,07,0,2,0,0,0,0,0,0,0,"- ","- ",40.581138610839844,-122.38806915283203,SHASTA,REDDING,-122.38772583007812,40.580257415771484
9450281,2021,2022-06-17,4502,2021-09-01,2020,190,,3,5,5,4502,0,0,0,,0,007,"RT 299","RT 5",0.00,,Y,B,-,Y,SHA,2,299,-,-,24.860,I,5,W,Y,4,0,2,2,A,-,01,23152,A,N,C,C,A,A,H,-,C,A,0,,,,,Y,Y,A,01,0,0,2,0,0,0,0,0,0,"- ",NF,40.612438201904297,-122.36283874511719,SHASTA,REDDING,-122.36257934570312,40.612480163574219
91526910,2021,2021-07-22,9135,2021-07-22,0620,017250,,4,1,9,4500,0,1,3,,2,040,"DERSCH RD","SCHARSCH RD PVT",350.00,W,N,A,-,N,,,,,,,,,,Y,4,0,1,1,A,-,08,22107,,N,E,I,A,A,H,-,A,D,0,,,,,Y,,A,01,0,0,1,0,0,0,0,0,0,"- ","- ",40.49462890625,-122.04917907714844,SHASTA,UNINCORPORATED,-122.05049896240234,40.493701934814453
91559636,2021,2021-08-31,9135,2021-08-24,0805,018890,,2,1,9,4500,0,3,5,,2,004,"AIRPORT RD","ENGINEERS LN",150.00,N,N,A,-,N,,,,,,,,,,Y,4,0,1,2,A,-,03,22350,,N,C,C,A,A,H,-,A,D,0,,,,,Y,,A,01,0,0,1,0,0,0,0,0,0,"- ","- ",40.536800384521484,-122.30284881591797,SHASTA,UNINCORPORATED,-122.30279541015625,40.536731719970703
9339520,2021,2021-10-18,4501,2021-09-21,1012,238,A01,2,5,2,4501,0,0,0,,0,A01,"RT 273",BRIGGS,0.00,,Y,A,-,Y,SHA,2,273,-,-,5.830,I,5,S,N,3,0,1,2,A,-,12,21453,A,N,D,C,A,A,H,-,A,A,0,,,,,Y,,A,01,0,1,0,0,0,0,0,0,0,"- ","- ",,,SHASTA,ANDERSON,-122.30710601806641,40.454235076904297
91559563,2021,2021-08-31,9135,2021-08-12,1717,018021,,4,2,9,4500,0,1,3,,1,201,"STATE ROUTE 299","GRIZZLY GULCH RD",6864.00,E,N,A,-,Y,,,299,,,,,,,N,4,0,1,1,C,-,18,,,N,E,I,A,A,H,-,A,D,0,,,,,Y,,-,"- ",0,0,1,0,0,0,0,0,0,"- ","- ",40.646549224853516,-122.57566833496094,SHASTA,UNINCORPORATED,-122.57553863525391,40.646697998046875
91671536,2021,2022-01-05,9135,2021-12-25,1246,015627,,6,1,9,4500,0,1,3,,2,604,SR-44,"ESKIMO HILL",82.00,E,N,B,-,Y,,,44,,,,,,,Y,4,0,2,4,A,-,08,22107,,N,D,E,A,C,E,-,A,D,0,,,,,Y,,A,01,0,0,2,0,0,0,0,0,0,"- ","- ",40.562740325927734,-121.57572937011719,SHASTA,UNINCORPORATED,-121.57573699951172,40.562744140625
91781667,2021,2022-05-26,9135,2021-09-29,2025,018021,,3,2,9,4500,0,1,1,,2,056,"I-5 N/B","STATTON RD",3138.00,N,N,A,-,Y,,,5,,,,,,N,Y,1,1,0,1,A,-,00,22530,,N,E,I,A,A,H,-,D,D,0,,,,,Y,,A,01,0,0,0,0,0,0,0,0,0,"- ","- ",40.85797119140625,-122.34661865234375,SHASTA,UNINCORPORATED,-122.34654235839844,40.858062744140625
9450058,2021,2022-07-21,4502,2021-09-11,1327,525,R03,6,5,5,4502,0,0,0,,0,003,"CHURN CREEK RD","DENTON WY",225.00,S,N,A,-,N,,,,,,,,,,N,4,0,1,2,B,-,22,,,N,B,C,A,A,H,-,A,D,0,,,,,Y,,A,01,0,0,1,0,0,0,0,0,0,"- ","- ",40.547031402587891,-122.35301208496094,SHASTA,REDDING,-122.35294342041016,40.546424865722656
91571132,2021,2021-09-15,9135,2021-09-14,0030,016087,,2,3,9,4500,0,3,5,,2,003,"CLEAR CREEK RD.","HONEYBEE RD.",5808.00,E,N,A,-,N,,,,,,,,,,Y,3,0,1,1,A,-,08,22107,,N,E,I,A,A,H,-,D,D,0,,,,,Y,,A,01,0,1,0,0,0,0,0,0,0,"- ","- ",40.493801116943359,-122.47212982177734,SHASTA,UNINCORPORATED,-122.43122863769531,40.502056121826172
9513350,2021,2022-11-01,4502,2021-11-11,1328,526,R03,4,5,5,4502,0,0,0,,0,003,"AIRPORT RD","FLIGHT AV",0.00,,Y,A,-,N,,,,,,,,,,Y,2,0,1,2,A,-,05,21460,A,N,B,C,A,A,H,-,A,D,0,,,Y,,Y,,C,02,1,0,0,0,0,0,0,0,1,"- ","- ",40.509418487548828,-122.30275726318359,SHASTA,REDDING,-122.30276489257812,40.509422302246094
91596380,2021,2021-10-14,9135,2021-10-09,1432,018829,,6,2,9,4500,0,1,1,,2,055,"I-5 S/B","UNION SCHOOL RD",3643.00,N,N,B,-,Y,,,5,,,,,,S,Y,4,0,3,1,A,-,08,22107,,N,E,I,A,A,H,-,A,D,0,,,,,Y,,A,01,0,0,3,0,0,0,0,0,0,"- ","- ",40.692878723144531,-122.34471893310547,SHASTA,UNINCORPORATED,-122.34483337402344,40.692913055419922
91637375,2021,2021-11-29,9135,2021-11-10,1905,019111,,3,2,9,4500,0,3,5,,2,002,"OAK RUN RD","TERI-RAND LN.",1162.00,E,N,B,-,N,,,,,,,,,,Y,2,0,1,1,A,-,01,23152,A,N,E,I,A,A,H,-,D,D,0,,,,,Y,Y,A,01,1,0,0,0,0,0,0,0,0,"- ","- ",40.364459991455078,-122.08255004882812,SHASTA,UNINCORPORATED,-122.14047241210938,40.612361907958984
9287532,2021,2021-07-30,4501,2021-05-25,1844,230,A01,2,5,2,4501,0,0,0,,0,0A1,"RT 273","OX YOKE RD",0.00,,Y,A,-,Y,SHA,2,273,-,-,6.890,H,-,N,N,4,0,1,2,A,-,03,22350,,N,C,C,A,A,H,-,A,A,0,,,,,Y,,A,07,0,0,1,0,0,0,0,0,0,"- ","- ",,,SHASTA,ANDERSON,-122.32182312011719,40.464508056640625
91417999,2021,2021-03-01,9135,2021-02-24,1545,019101,,3,2,5,4502,0,1,3,,2,040,"SR-44 E/B",I-5,1000.00,W,N,A,-,Y,,,44,,,,,,E,N,4,0,1,4,A,-,03,22350,,N,C,C,A,A,H,-,A,D,0,,,,,Y,,D,22,0,0,1,0,0,0,0,0,0,"- ","- ",40.585639953613281,-122.36540985107422,SHASTA,REDDING,-122.36540985107422,40.585647583007812
91513327,2021,2021-08-20,9135,2021-06-28,1147,018433,,1,1,9,4500,0,3,5,,2,004,"BLACK BUTTE ROAD","WILD CAT ROAD",535.00,N,N,A,-,N,,,,,,,,,,Y,1,1,5,2,A,-,01,23152,A,N,A,C,A,A,H,-,A,D,0,,,,,Y,Y,A,07,2,3,0,0,0,0,0,0,0,"- ","- ",40.273059844970703,-122.00167846679688,SHASTA,UNINCORPORATED,-122.00609588623047,40.45709228515625
9388181,2021,2022-01-11,4502,2021-03-18,1718,R0026,R05,4,5,5,4502,0,0,0,,0,005,"PLACER ST","AIRPARK DR",40.00,W,N,C,-,N,,,,,,,,,,Y,3,0,1,3,A,-,03,22350,,N,C,C,A,B,H,-,A,A,0,,,Y,,Y,,A,01,0,1,0,0,0,0,0,0,1,"- ","- ",40.578468322753906,-122.40579986572266,SHASTA,REDDING,-122.40593719482422,40.578441619873047
9445892,2021,2022-05-24,4502,2021-08-24,0816,526,R02,2,5,5,4502,0,0,0,,0,002,"EAST CYPRESS AV","VICTOR AV",0.00,,Y,A,-,N,,,,,,,,,,Y,4,0,2,2,A,-,12,21453,A,N,D,C,A,A,H,-,A,A,0,,,,,Y,,A,01,0,0,2,0,0,0,0,0,0,"- ","- ",40.570960998535156,-122.33881378173828,SHASTA,REDDING,-122.33879852294922,40.570991516113281
91441838,2021,2021-04-02,9135,2021-04-01,2310,018174,,4,3,9,4500,0,3,5,,2,004,"PANORAMA POINT RD","AUSTIN HOY RD",1584.00,N,N,A,-,N,,,,,,,,,,Y,4,0,1,1,A,-,08,22107,,N,E,I,A,A,H,-,D,D,0,,,,,Y,,A,01,0,0,1,0,0,0,0,0,0,"- ","- ",40.425361633300781,-122.26364898681641,SHASTA,UNINCORPORATED,-122.26380157470703,40.425384521484375
9446486,2021,2022-05-27,4502,2021-09-29,0257,115,R04,3,5,5,4502,0,0,0,,0,004,"SOUTH MARKET ST","WYNDHAM LN",0.00,,N,A,-,N,,,273,,,,,,,N,3,0,1,2,D,-,00,,,M,G,B,E,A,H,-,D,C,0,Y,,,,Y,,-,"- ",0,1,0,0,1,0,0,0,0,"- ","- ",40.562061309814453,-122.38713836669922,SHASTA,REDDING,-122.38754272460938,40.562053680419922
91420481,2021,2021-03-04,9135,2021-02-25,2500,020491,,4,4,9,4500,0,3,5,,2,002,"PORTERO DR","MARIA DRIVE",200.00,W,N,A,-,N,,,,,,,,,,N,2,0,1,2,A,-,06,21750,,N,B,C,A,A,H,-,D,D,0,,,Y,,Y,,B,07,1,0,0,0,0,0,0,0,1,"- ","- ",40.651199340820312,-122.31108856201172,SHASTA,UNINCORPORATED,-122.31116485595703,40.651283264160156
91548439,2021,2021-08-18,9135,2021-08-18,0715,016480,,3,1,5,4502,0,1,3,,2,040,"SR-44 W/B","OLD OREGON TRAIL",2112.00,E,N,A,-,Y,,,44,,,,,,W,N,4,0,1,1,C,-,18,,,N,H,H,A,A,H,-,A,D,0,,,,,Y,,-,"- ",0,0,1,0,0,0,0,0,0,"- ","- ",40.558101654052734,-122.29261016845703,SHASTA,REDDING,-122.29261016845703,40.558101654052734
91570625,2021,2021-09-15,9135,2021-09-10,1655,018398,,5,2,9,4500,0,1,3,,2,402,"STATE ROUTE 44","BIG PINES ROAD",7920.00,W,N,A,-,Y,,,,,,,,,,Y,3,0,1,3,A,-,03,22350,,N,B,C,A,A,C,-,A,D,0,,,,,Y,,D,22,0,1,0,0,0,0,0,0,0,"- ","- ",40.617790222167969,-120.49343872070312,SHASTA,UNINCORPORATED,-121.49368286132812,40.617824554443359
91612077,2021,2021-11-01,9135,2021-10-27,1220,016480,,3,1,9,4500,0,3,5,,2,004,"CHURN CREEK RD.","COMMERCIAL WAY",528.00,S,N,A,-,N,,,,,,,,,,N,3,0,2,1,A,-,08,22107,,N,E,I,A,A,H,-,A,D,0,,,,,Y,,D,22,0,2,0,0,0,0,0,0,0,"- ","- ",40.534660339355469,-122.34234619140625,SHASTA,UNINCORPORATED,-122.34326171875,40.535182952880859
9279261,2021,2021-06-28,4501,2021-05-28,1837,225,AO1,5,5,2,4501,0,0,0,,0,AO1,"RHONDA RD","PLEASANT HILL DR",0.00,,N,A,-,N,,,,,,,,,,Y,2,0,2,2,A,-,09,21802,A,N,D,C,A,A,H,-,A,-,0,,,,,Y,,A,01,1,1,0,0,0,0,0,0,0,"- ","- ",40.43218994140625,-122.28723907470703,SHASTA,ANDERSON,-122.28988647460938,40.433544158935547
9414838,2021,2022-02-28,4502,2021-05-06,0936,527,R06,4,5,5,4502,0,0,0,,0,006,"EUREKA WAY","MAGNOLIA AV",157.00,E,N,A,-,N,,,,,,,,,,Y,3,0,1,1,B,-,22,,,N,E,I,A,A,H,-,A,D,0,,,,,Y,,A,01,0,1,0,0,0,0,0,0,0,"- ","- ",40.586940765380859,-122.40312957763672,SHASTA,REDDING,-122.40279388427734,40.586601257324219
9425743,2021,2022-04-14,4502,2021-06-13,1506,539,R07,7,5,5,4502,0,0,0,,0,007,"OLD OREGON TRL","PASO ROBLES",1100.00,N,N,A,-,N,,,,,,,,,,Y,4,0,1,1,A,-,03,22350,,N,E,I,A,A,H,-,A,D,0,,,Y,,Y,,C,02,0,0,1,0,0,0,0,0,1,"- ","- ",40.660919189453125,-122.32917785644531,SHASTA,REDDING,-122.32920074462891,40.660865783691406
91470320,2021,2021-05-27,9135,2021-05-01,1527,018777,,6,2,5,4502,0,1,3,,1,606,SR-89,"CLARK CREEK ROAD",2640.00,N,N,A,-,Y,,,,,,,,,,Y,3,0,3,2,A,-,09,21804,A,N,A,C,A,A,H,-,A,D,0,,,,,Y,,A,01,0,3,0,0,0,0,0,0,0,"- ","- ",41.005268096923828,-121.13307952880859,SHASTA,REDDING,-121.64351654052734,41.056507110595703
91490863,2021,2021-06-07,9135,2021-06-02,1655,019030,,3,2,9,4500,0,3,5,,2,004,"AIRPORT RD","BILLY JEAN LN",9.00,S,N,A,-,N,,,,,,,,,,N,3,0,1,2,A,-,09,21804,A,N,D,C,A,A,H,-,A,D,0,,,,,Y,,D,22,0,1,0,0,0,0,0,0,0,"- ","- ",40.548820495605469,-122.30281066894531,SHASTA,UNINCORPORATED,-122.30281829833984,40.548774719238281
91660330,2021,2021-12-23,9135,2021-12-17,1229,016087,,5,1,5,4502,0,1,1,,2,054,"I-5 N/B TO HILLTOP DR.","HILLTOP DR.",30.00,S,N,A,-,Y,,,5,,,,R,,N,N,4,0,1,3,A,-,03,22350,,N,C,C,A,A,H,-,A,A,0,,,,,Y,,A,01,0,0,1,0,0,0,0,0,0,"- ","- ",40.583148956298828,-122.35812377929688,SHASTA,REDDING,-122.35812377929688,40.583148956298828
9514192,2021,2022-11-04,4502,2021-11-02,0652,526,R01,2,5,5,4502,0,0,0,,0,001,"SHASTA VIEW DR","HEMINGWAY ST",0.00,,Y,B,-,N,,,,,,,,,,Y,4,0,1,1,A,-,05,21650,,N,E,I,A,A,H,-,C,A,0,,,,,Y,,D,22,0,0,1,0,0,0,0,0,0,"- ","- ",40.603660583496094,-122.3284912109375,SHASTA,REDDING,-122.32846832275391,40.603652954101562
91407876,2021,2021-03-01,9135,2021-02-07,0100,016960,,7,3,9,4500,0,3,5,,2,004,"DESCHUTES ROAD","SUNNYSIDE DRIVE",0.00,,Y,A,-,N,,,,,,,,,,Y,3,0,1,1,A,-,01,23152,A,N,E,I,A,A,H,-,D,A,0,,,,,Y,Y,A,01,0,1,0,0,0,0,0,0,0,"- ","- ",40.496288299560547,-122.23876190185547,SHASTA,UNINCORPORATED,-122.23863983154297,40.496200561523438
91632957,2021,2021-11-23,9135,2021-11-18,1715,019111,,4,2,5,4502,0,1,3,,2,040,"SR-44 E/B","I-5 S/B",1500.00,W,N,B,C,Y,,,44,,,,,,E,Y,4,0,1,5,A,-,03,22350,,N,C,C,A,B,H,-,C,D,0,,,,,Y,,A,07,0,0,1,0,0,0,0,0,0,"- ","- ",40.585708618164062,-122.36620330810547,SHASTA,REDDING,-122.36620330810547,40.585697174072266
91633133,2021,2021-11-23,9135,2021-11-22,1544,018829,,1,2,9,4500,0,3,5,,2,002,"SHASTA CAVERNS ROAD","LAKEVIEW DR",650.00,E,N,A,-,N,,,,,,,,,,Y,2,0,1,2,A,-,05,21460,A,N,A,C,A,A,H,-,A,D,0,,,Y,,Y,,C,02,1,0,0,0,0,0,0,0,1,"- ","- ",40.805488586425781,-122.31922912597656,SHASTA,UNINCORPORATED,-122.32093811035156,40.806598663330078
9355902,2021,2021-11-15,4501,2021-10-04,0831,A238,A01,1,5,2,4501,0,0,0,,0,A01,"RT 273","PINON AV",0.00,,Y,A,-,Y,SHA,2,273,-,-,4.440,I,5,N,Y,2,0,2,2,A,-,01,23152,F,N,A,C,A,A,H,-,A,A,0,,,,,Y,,A,01,1,1,0,0,0,0,0,0,0,"- ","- ",,,SHASTA,ANDERSON,-122.29123687744141,40.438629150390625
91559632,2021,2021-09-02,9135,2021-08-20,2100,016790,,5,2,9,4500,0,1,3,,1,201,SR-299,"DESCHUTES RD",1200.00,E,N,A,-,Y,,,299,,,,,,,Y,2,0,3,2,A,-,09,21804,A,N,D,2,A,A,H,-,D,D,0,,,,,Y,,A,07,1,2,0,0,0,0,0,0,0,"- ","- ",40.639080047607422,-122.23789215087891,SHASTA,UNINCORPORATED,-122.23789215087891,40.639087677001953
91576772,2021,2021-09-22,9135,2021-09-12,1741,018133,,7,2,9,4500,0,1,1,,2,056,"I-5 S/B","DOG CREEK BRIDGE",1056.00,S,N,A,-,Y,,,,,,,,,,Y,3,0,1,2,A,-,03,22350,,N,B,C,A,A,H,-,A,D,0,,,Y,,Y,,C,02,0,1,0,0,0,0,0,0,1,"- ","- ",40.963718414306641,-122.42040252685547,SHASTA,UNINCORPORATED,-122.43060302734375,40.9407958984375
91424182,2021,2021-03-10,9135,2021-03-05,2210,018388,,5,3,9,4500,0,1,3,,1,201,SR-299,"SUGAR PINE CAMP RD",4752.00,E,N,B,-,Y,,,,,,,,,,Y,4,0,1,1,A,-,08,22107,,N,E,I,A,A,H,-,D,D,0,,,,,Y,,A,07,0,0,1,0,0,0,0,0,0,"- ","- ",40.734489440917969,-122.07837677001953,SHASTA,UNINCORPORATED,-122.08188629150391,40.722137451171875
91438588,2021,2021-03-29,9135,2021-03-04,1515,017956,,4,2,9,4500,0,1,1,,2,056,"I-5 S/B FROM TURNTABLE BAY ROAD","TURNTABLE BAY ROAD",270.00,S,N,A,-,Y,,,5,,,,R,,S,Y,3,0,1,1,A,-,03,22350,,N,F,A,A,A,H,-,A,A,0,,,,Y,Y,,G,25,0,1,0,0,0,0,0,0,0,"- ","- ",40.771289825439453,-122.3134765625,SHASTA,UNINCORPORATED,-122.3134765625,40.771289825439453
91624848,2021,2022-01-05,9135,2021-10-05,0315,015627,,2,3,9,4500,0,1,3,,1,606,SR-89,"LAKE ROAD",1056.00,S,N,A,-,Y,,,89,,,,,,,Y,1,1,0,1,A,-,01,23152,A,N,E,I,A,A,H,-,D,D,0,,,,,Y,Y,A,01,0,0,0,0,0,0,0,0,0,"- ","- ",41.008609771728516,-121.64601135253906,SHASTA,UNINCORPORATED,-121.64599609375,41.008644104003906
9338513,2021,2021-10-07,4502,2021-02-01,1641,524,R02,1,5,5,4502,0,0,0,,0,002,"EAST CYPRESS AV","BECHELLI LN",27.00,W,N,B,-,N,,,,,,,,,,N,4,0,1,3,A,-,03,22350,,N,C,C,A,B,H,-,A,A,0,,,,,Y,,A,08,0,0,1,0,0,0,0,0,0,"- ","- ",40.571041107177734,-122.36271667480469,SHASTA,REDDING,-122.36283874511719,40.571048736572266
9426121,2021,2022-05-02,4502,2021-06-16,0729,527,R06,3,5,5,4502,0,0,0,,0,006,"PARK MARINA DR","SUNDIAL BRIDGE DR",442.00,W,N,A,-,N,,,,,,,,,,N,3,0,1,2,A,-,06,21760,B,N,G,G,A,A,H,-,A,A,0,,Y,,,Y,,D,22,0,1,0,0,0,0,1,0,0,"- ","- ",40.585819244384766,-122.37729644775391,SHASTA,REDDING,-122.37847137451172,40.586109161376953
9514184,2021,2022-11-04,4502,2021-12-17,0751,R0289,R02,5,5,5,4502,0,0,0,,0,001,"COLLYER DR","POISON OAK LN",345.00,W,N,A,-,N,,,,,,,,,,Y,3,0,1,2,A,-,05,21460,A,N,B,C,A,A,G,-,A,A,0,,,,,Y,,A,01,0,1,0,0,0,0,0,0,0,"- ","- ",40.617828369140625,-122.33464050292969,SHASTA,REDDING,-122.331298828125,40.618511199951172
91475361,2021,2021-05-27,9135,2021-05-17,1450,019066,,1,2,9,4500,0,1,3,,1,301,SR-299,"BUCKHORN SUMMIT",17741.00,E,N,A,-,Y,,,299,,,,,,,N,3,0,1,2,A,-,03,22350,,N,C,C,A,A,H,-,A,D,0,,,,,Y,,D,22,0,1,0,0,0,0,0,0,0,"- ","- ",40.665908813476562,-122.69896697998047,SHASTA,UNINCORPORATED,-122.69889831542969,40.665813446044922
9338693,2021,2021-10-04,4502,2021-02-08,0900,R523,R04,1,5,5,4502,0,0,0,,0,004,"EASTSIDE RD","S BONNYVIEW",0.00,,N,B,-,N,,,,,,,,,,Y,4,0,1,2,A,-,01,23152,F,N,C,C,A,A,H,-,A,A,0,,,,,Y,Y,A,07,0,0,1,0,0,0,0,0,0,"- ","- ",40.529850006103516,-122.38031768798828,SHASTA,REDDING,-122.38034057617188,40.529941558837891
9514194,2021,2022-11-04,4502,2021-11-03,1925,540,R02,3,5,5,4502,0,0,0,,0,002,"BECHELLI LN","WILSHIRE DR",480.00,S,N,A,-,N,,,,,,,,,,N,3,0,1,2,A,-,07,21658,A,N,G,B,E,A,H,-,A,D,0,Y,,,,Y,Y,A,01,0,1,0,0,1,0,0,0,0,"- ","- ",40.561901092529297,-122.36260986328125,SHASTA,REDDING,-122.36260223388672,40.560573577880859
9315830,2021,2021-09-11,4501,2021-07-23,0828,223,A02,5,5,2,4501,0,0,0,,0,A02,"REDBUD LN","GATEWAY DR",145.00,E,N,A,-,N,,,,,,,,,,N,3,0,1,2,A,-,05,21650,I,N,G,B,F,A,H,-,A,D,0,Y,,,,Y,,A,01,0,1,0,0,1,0,0,0,0,"- ","- ",,,SHASTA,ANDERSON,-122.28675842285156,40.451549530029297