CASE_ID,ACCIDENT_YEAR,PROC_DATE,JURIS,COLLISION_DATE,COLLISION_TIME,OFFICER_ID,REPORTING_DISTRICT,DAY_OF_WEEK,CHP_SHIFT,POPULATION,CNTY_CITY_LOC,SPECIAL_COND,BEAT_TYPE,CHP_BEAT_TYPE,CITY_DIVISION_LAPD,CHP_BEAT_CLASS,BEAT_NUMBER,PRIMARY_RD,SECONDARY_RD,DISTANCE,DIRECTION,INTERSECTION,WEATHER_1,WEATHER_2,STATE_HWY_IND,CALTRANS_COUNTY,CALTRANS_DISTRICT,STATE_ROUTE,ROUTE_SUFFIX,POSTMILE_PREFIX,POSTMILE,LOCATION_TYPE,RAMP_INTERSECTION,SIDE_OF_HWY,TOW_AWAY,COLLISION_SEVERITY,NUMBER_KILLED,NUMBER_INJURED,PARTY_COUNT,PRIMARY_COLL_FACTOR,PCF_CODE_OF_VIOL,PCF_VIOL_CATEGORY,PCF_VIOLATION,PCF_VIOL_SUBSECTION,HIT_AND_RUN,TYPE_OF_COLLISION,MVIW,PED_ACTION,ROAD_SURFACE,ROAD_COND_1,ROAD_COND_2,LIGHTING,CONTROL_DEVICE,CHP_ROAD_TYPE,PEDESTRIAN_ACCIDENT,BICYCLE_ACCIDENT,MOTORCYCLE_ACCIDENT,TRUCK_ACCIDENT,NOT_PRIVATE_PROPERTY,ALCOHOL_INVOLVED,STWD_VEHTYPE_AT_FAULT,CHP_VEHTYPE_AT_FAULT,COUNT_SEVERE_INJ,COUNT_VISIBLE_INJ,COUNT_COMPLAINT_PAIN,COUNT_PED_KILLED,COUNT_PED_INJURED,COUNT_BICYCLIST_KILLED,COUNT_BICYCLIST_INJURED,COUNT_MC_KILLED,COUNT_MC_INJURED,PRIMARY_RAMP,SECONDARY_RAMP,LATITUDE,LONGITUDE,COUNTY,CITY,POINT_X,POINT_Y
9317486,2021,2021-09-02,4502,2021-01-30,1256,R0063,R03,6,5,5,4502,0,0,0,,0,003,"CHURN CREEK RD","VICTOR AV",300.00,W,N,B,-,N,,,,,,,,,,N,4,0,1,1,A,-,03,22350,,N,H,A,A,B,H,-,A,D,0,,,Y,,Y,,C,02,0,0,1,0,0,0,0,0,1,"- ","- ",40.53472900390625,-122.33624267578125,SHASTA,REDDING,-122.3372802734375,40.534721374511719
9402024,2021,2022-03-08,4502,2021-05-25,1330,526,R02,2,5,5,4502,0,0,0,,0,002,"HILLTOP DR","EAST CYPRESS AV",108.00,N,N,A,-,N,,,,,,,,,,N,4,0,1,2,A,-,03,22350,,N,C,C,A,A,H,-,A,D,0,,,,,Y,,A,01,0,0,1,0,0,0,0,0,0,"- ","- ",,,SHASTA,REDDING,-122.35804748535156,40.571346282958984
9256487,2021,2021-08-12,4502,2021-02-24,1827,R0158,R02,3,5,5,4502,0,0,0,,0,002,"HARTNELL AV","VICTOR AV",386.00,W,N,A,G,N,,,,,,,,,,Y,1,1,0,2,A,-,11,21954,A,N,G,B,D,A,H,-,C,D,0,Y,,,,Y,,N,60,0,0,0,1,0,0,0,0,0,"- ","- ",40.563728332519531,-122.3394775390625,SHASTA,REDDING,-122.34088897705078,40.563751220703125
9425740,2021,2022-04-14,4502,2021-06-30,1142,527,R06,3,5,5,4502,0,0,0,,0,006,"REDBUD DR","REDBUD DR 930",190.00,E,N,A,-,N,,,,,,,,,,Y,4,0,1,2,B,-,22,,,N,E,E,A,A,H,-,A,D,0,,,,,Y,,A,07,0,0,1,0,0,0,0,0,0,"- ","- ",40.588508605957031,-122.42646789550781,SHASTA,REDDING,,
9514208,2021,2022-11-04,4502,2021-11-18,2047,112,,4,5,5,4502,0,0,0,,0,002,"CHURN CREEK RD","MISTLETOE LN",160.00,S,N,B,C,N,,,,,,,,,,Y,2,0,1,3,A,-,11,21955,,N,G,B,D,B,H,-,C,D,0,Y,,,,Y,,N,60,1,0,0,0,1,0,0,0,0,"- ","- ",40.578441619873047,-122.35369110107422,SHASTA,REDDING,-122.35356140136719,40.578022003173828
91476634,2021,2021-05-27,9135,2021-05-14,1700,019257,,5,2,9,4500,0,1,3,,2,402,"STATE ROUTE 44","GIANT OAKS DRIVE",280.00,E,N,A,-,N,,,,,,,,,,Y,4,0,1,1,A,-,08,22107,,N,E,I,A,A,H,-,A,D,0,,,,,Y,,A,07,0,0,1,0,0,0,0,0,0,"- ","- ",40.303001403808594,-122.00341033935547,SHASTA,UNINCORPORATED,-122.00928497314453,40.508274078369141
91518199,2021,2021-07-12,9135,2021-07-08,0824,017250,,4,1,9,4500,0,1,3,,2,040,SR-44,"ALPINE MEADOWS DR",0.00,,Y,A,-,Y,,,44,,,,,,,N,3,0,1,2,A,-,06,21750,A,N,B,C,A,A,H,-,A,D,0,,,,,Y,,D,22,0,1,0,0,0,0,0,0,0,"- ","- ",40.493038177490234,-121.88287353515625,SHASTA,UNINCORPORATED,-121.88287353515625,40.493072509765625
91540223,2021,2021-08-09,9135,2021-08-06,0050,019111,,5,3,9,4500,0,1,1,,2,053,"I-5 N/B TO GAS POINT RD.","GAS POINT RD.",330.00,S,N,A,-,Y,,,5,,,,R,,N,Y,3,0,1,1,A,-,01,23152,A,N,E,I,A,A,H,-,D,D,0,,,,,Y,Y,A,07,0,1,0,0,0,0,0,0,0,"- ","- ",40.388568878173828,-122.28408813476562,SHASTA,UNINCORPORATED,-122.28408813476562,40.388568878173828
91564359,2021,2021-09-07,9135,2021-09-02,1345,018388,,4,1,9,4500,0,3,5,,2,001,"PLACER RD","PLATEAU CIRCLE",0.00,,Y,A,-,N,,,,,,,,,,Y,4,0,1,2,A,-,03,22350,,N,C,C,A,A,H,-,A,D,0,,,,,Y,,A,01,0,0,1,0,0,0,0,0,0,"- ","- ",40.545108795166016,-122.46466827392578,SHASTA,UNINCORPORATED,-122.46475982666016,40.545017242431641
9425754,2021,2022-04-14,4502,2021-06-12,2351,183,S05,6,5,5,4502,0,0,0,,0,005,"TEHAMA ST","PINE ST",0.00,,Y,A,-,N,,,,,,,,,,Y,4,0,1,2,A,-,12,21453,A,M,B,C,A,A,H,-,C,D,0,,,,,Y,,A,01,0,0,1,0,0,0,0,0,0,"- ","- ",,,SHASTA,REDDING,-122.39000701904297,40.585670471191406
9494165,2021,2022-10-13,4502,2021-12-24,1923,131,R02,5,5,5,4502,0,0,0,,0,002,"E CYPRESS AVE","OXFORD RD",0.00,,Y,B,-,N,,,,,,,,,,N,3,0,2,2,A,-,01,23152,A,N,D,C,A,A,H,-,C,D,0,,,,Y,Y,Y,A,01,0,2,0,0,0,0,0,0,0,"- ","- ",,,SHASTA,REDDING,-122.34230804443359,40.571018218994141
91439169,2021,2021-03-30,9135,2021-03-25,1130,018890,,4,1,9,4500,0,3,5,,2,002,"ZOGG MINE ROAD","HORSE CANYON ROAD",326.00,S,N,A,-,N,,,,,,,,,,N,2,0,1,1,A,-,08,22107,,N,F,A,A,A,H,-,A,D,0,,,Y,,Y,,C,02,1,0,0,0,0,0,0,0,1,"- ","- ",40.541969299316406,-122.57028961181641,SHASTA,UNINCORPORATED,-122.57073974609375,40.542522430419922
9320249,2021,2023-06-20,4502,2021-04-13,0710,192,R07,2,5,5,4502,0,0,0,,0,007,"RT 273","REDWOOD BL",1320.00,N,N,A,-,Y,SHA,2,273,-,-,19.170,H,-,S,Y,1,1,1,2,A,-,11,21956,,N,G,B,E,A,H,-,D,D,0,Y,,,,Y,,N,60,0,1,0,1,0,0,0,0,0,"- ","- ",,,SHASTA,REDDING,-122.37422180175781,40.61700439453125
9425750,2021,2022-04-14,4502,2021-06-07,1140,526,R05,1,5,5,4502,0,0,0,,0,005,"COURT ST","SONOMA ST",0.00,,Y,A,-,N,,,,,,,,,,Y,4,0,1,2,A,-,09,21801,A,N,D,C,A,A,H,-,A,D,0,,,,,Y,,A,01,0,0,1,0,0,0,0,0,0,"- ","- ",40.575649261474609,-122.39264678955078,SHASTA,REDDING,-122.39265441894531,40.575653076171875
9439049,2021,2022-05-24,4502,2021-08-17,1949,540,R02,2,5,5,4502,0,0,0,,0,002,"EAST CYPRESS AV","HILLTOP DR",20.00,W,N,A,-,N,,,,,,,,,,N,3,0,1,2,A,-,03,22350,,N,C,C,A,A,H,-,A,A,0,,,,,Y,,D,22,0,1,0,0,0,0,0,0,0,"- ","- ",40.571041107177734,-122.35806274414062,SHASTA,REDDING,-122.35813140869141,40.571048736572266
91471052,2021,2021-05-27,9135,2021-04-30,0540,019111,,5,3,9,4500,0,1,3,,1,301,SR-299,"WHISKEY CREEK",200.00,W,N,A,-,Y,,,299,,,,,,,Y,2,0,1,1,A,-,08,22107,,N,E,I,A,A,H,-,B,D,0,,,,,Y,,A,01,1,0,0,0,0,0,0,0,0,"- ","- ",40.634628295898438,-122.56182861328125,SHASTA,UNINCORPORATED,-122.56180572509766,40.634685516357422
91474757,2021,2021-05-27,9135,2021-05-12,0647,016461,,3,1,9,4500,0,1,1,,2,056,"I-5 S/B","OBRIEN ROAD",0.30,N,N,A,-,Y,,,,,,,,,,Y,2,0,1,1,A,-,08,22107,,N,E,I,A,A,H,-,A,D,0,,,,Y,Y,,G,25,1,0,0,0,0,0,0,0,0,"- ","- ",,,SHASTA,UNINCORPORATED,,
91617172,2021,2021-11-11,9135,2021-10-24,1318,017428,,7,1,9,4500,0,1,1,,2,054,"I-5 S/B","STATTON RD.",1056.00,N,N,B,C,Y,,,5,,,,,,S,N,2,0,1,3,A,-,07,21658,A,F,G,B,E,B,H,-,A,D,0,Y,,,,Y,,-,99,1,0,0,0,1,0,0,0,0,"- ","- ",40.853328704833984,-122.34205627441406,SHASTA,UNINCORPORATED,-122.34214782714844,40.853309631347656
91542310,2021,2021-08-11,9135,2021-08-10,1810,018837,,2,2,9,4500,0,3,5,,2,002,"UNION SCHOOL RD","SANDISLE DR",375.00,E,N,B,-,N,,,,,,,,,,N,4,0,1,1,A,-,08,22107,,N,E,I,A,A,H,-,A,D,0,,,,,Y,,A,07,0,0,1,0,0,0,0,0,0,"- ","- ",40.688800811767578,-122.32195281982422,SHASTA,UNINCORPORATED,-122.32193756103516,40.6888427734375
91623975,2021,2021-11-15,9146,2021-11-04,0623,015588,,4,1,9,4500,0,1,1,,2,014,"I-5 S/B (GOLDEN STATE FREEWAY)","SIMS RD.",4752.00,S,N,B,C,Y,,,5,,,,,,S,Y,3,0,2,1,A,-,03,22350,,N,E,I,A,B,H,-,D,D,0,,,,,Y,,A,01,0,1,1,0,0,0,0,0,0,"- ","- ",41.063919067382812,-122.36850738525391,SHASTA,UNINCORPORATED,-122.36849212646484,41.063892364501953
9402036,2021,2022-03-08,4502,2021-05-16,1049,527,R02,7,5,5,4502,0,0,0,,0,002,"HILLTOP DR","EAST CYPRESS AV",180.00,N,N,A,-,N,,,,,,,,,,N,3,0,2,2,A,-,03,22350,,N,C,C,A,A,H,-,A,A,0,,,,,Y,,D,22,0,2,0,0,0,0,0,0,0,"- ","- ",40.571041107177734,-122.35806274414062,SHASTA,REDDING,-122.35803985595703,40.571544647216797
9414833,2021,2022-02-28,4502,2021-05-13,1817,540,R01,4,5,5,4502,0,0,0,,0,001,"SHASTA VIEW DR","OLD ALTURAS DR",0.00,,Y,A,-,N,,,,,,,,,,Y,3,0,1,2,A,-,09,21804,A,N,D,C,A,A,H,-,A,D,0,,,,,Y,,A,01,0,1,0,0,0,0,0,0,0,"- ","- ",40.587760925292969,-122.32479858398438,SHASTA,REDDING,-122.324951171875,40.587738037109375
9448499,2021,2022-06-06,4502,2021-10-16,1822,540,R06,6,5,5,4502,0,0,0,,0,006,"CHURN CREEK RD","COLLEGE VIEW DR",0.00,,Y,A,-,N,,,,,,,,,,N,3,0,1,2,A,-,12,21453,A,N,D,G,A,A,H,-,A,A,0,,Y,,,Y,,L,04,0,1,0,0,0,0,1,0,0,"- ","- ",40.613258361816406,-122.34918212890625,SHASTA,REDDING,-122.34922027587891,40.613246917724609
91424250,2021,2021-03-10,9135,2021-03-08,1605,018133,,1,2,9,4500,0,1,1,,2,056,"I-5 S/B","PIT RIVER BRIDGE",200.00,N,N,B,-,Y,,,5,,,,,,S,N,4,0,1,2,A,-,07,21658,A,N,B,C,A,A,H,-,A,D,0,,,,,Y,,-,40,0,0,1,0,0,0,0,0,0,"- ","- ",40.767990112304688,-122.31752777099609,SHASTA,UNINCORPORATED,-122.31760406494141,40.768093109130859
91509805,2021,2021-06-30,9135,2021-06-19,1920,019111,,6,2,5,4502,0,2,S,,2,901,"2135 CIVIC CENTER DR. (PARKING LOT)","CYPRESS AVE",475.00,N,N,A,-,N,,,,,,,,,,N,3,0,1,1,B,-,22,,,N,F,A,A,A,H,-,A,D,0,,,Y,,Y,,C,02,0,1,0,0,0,0,0,0,1,"- ","- ",40.575229644775391,-122.37976837158203,SHASTA,REDDING,-122.38057708740234,40.575820922851562
91513980,2021,2021-07-06,9135,2021-07-03,2215,018552,,6,3,9,4500,0,1,3,,1,101,SR-151,"LAKE BLVD",7920.00,W,N,A,-,Y,,,151,,,,,,,N,2,0,1,1,A,-,08,22107,,N,F,A,A,A,H,-,D,D,0,,,Y,,Y,,C,02,1,0,0,0,0,0,0,0,1,"- ","- ",40.694709777832031,-122.42234039306641,SHASTA,UNINCORPORATED,-122.42230224609375,40.694660186767578
91541738,2021,2021-08-10,9135,2021-07-13,1200,018419,,2,1,9,4500,0,1,3,,2,605,SR-89,"CLARK CREEK RD",2112.00,N,N,A,-,Y,,,,,,,,,,Y,3,0,3,1,A,-,08,22107,,N,F,A,A,A,H,-,A,D,0,,,,,Y,,A,07,0,2,1,0,0,0,0,0,0,"- ","- ",,,SHASTA,UNINCORPORATED,-121.64236450195312,41.055347442626953
9513920,2021,2022-11-03,4502,2021-11-09,0319,167,R07,2,5,5,4502,0,0,0,,0,007,"LAKE BL","SNAVELY DR",0.00,,Y,C,-,N,,,,,,,,,,Y,3,0,1,1,A,-,03,22350,,N,E,I,A,B,H,-,C,D,0,,,,,Y,,A,07,0,1,0,0,0,0,0,0,0,"- ","- ",40.634021759033203,-122.40438079833984,SHASTA,REDDING,-122.40487670898438,40.633678436279297
9338691,2021,2021-10-06,4502,2021-02-10,1703,524,R06,3,5,5,4502,0,0,0,,0,006,"SOUTH ST","EAST ST",0.00,,Y,A,-,N,,,,,,,,,,Y,4,0,1,2,A,-,00,20001,B,M,D,C,A,A,H,-,A,A,0,,,,,Y,,-,,0,0,1,0,0,0,0,0,0,"- ","- ",40.581470489501953,-122.38675689697266,SHASTA,REDDING,-122.38674163818359,40.581432342529297
9414829,2021,2022-02-28,4502,2021-05-24,1219,527,R02,1,5,5,4502,0,0,0,,0,002,"HARTNELL AV;VA CLINIC","SHOTWICK TRL",382.00,N,N,A,-,N,,,,,,,,,,Y,4,0,1,2,A,-,12,21453,A,N,D,C,A,A,H,-,A,A,0,,,,,Y,,A,01,0,0,1,0,0,0,0,0,0,"- ","- ",40.565731048583984,-122.36830902099609,SHASTA,REDDING,-122.36836242675781,40.565357208251953
9435436,2021,2022-04-27,4502,2021-07-21,1036,174,R07,3,5,5,4502,0,0,0,,0,007,"EUREKA WY","11TH ST",140.00,W,N,A,-,Y,SHA,2,299,-,-,23.610,H,-,E,Y,3,0,2,3,A,-,09,21801,A,N,A,C,A,A,H,-,A,D,0,,,,,Y,,D,22,0,1,1,0,0,0,0,0,0,"- ","- ",40.586688995361328,-122.40090179443359,SHASTA,REDDING,-122.40106201171875,40.58648681640625
9448551,2021,2022-06-06,4502,2021-10-21,0857,539,R05,4,5,5,4502,0,0,0,,0,005,"SHASTA ST","PINE ST",0.00,,Y,C,-,N,,,,,,,,,,N,4,0,1,3,A,-,10,21950,A,F,G,B,B,B,H,-,A,A,0,Y,,,,Y,,D,22,0,0,1,0,1,0,0,0,0,"- ","- ",40.586669921875,-122.39041900634766,SHASTA,REDDING,-122.39044189453125,40.586677551269531
91408403,2021,2021-02-15,9135,2021-02-12,1530,019680,,5,2,9,4500,0,1,3,,2,601,"STATE HIGHWAY 299","WOODHILL DR",1848.00,W,N,A,-,Y,,,,,,,,,,Y,3,0,1,1,A,-,08,22107,,N,E,I,A,A,H,-,A,D,0,,,,,Y,,A,01,0,1,0,0,0,0,0,0,0,"- ","- ",,,SHASTA,UNINCORPORATED,-121.91152191162109,40.865818023681641
91432035,2021,2021-03-22,9135,2021-03-16,0755,017855,,2,1,5,4502,0,1,3,,2,040,"SR-44 W/B","SUNDIAL DRIVE",1000.00,E,N,A,-,Y,,,44,,,,,,W,Y,4,0,2,3,A,-,03,22350,,N,C,C,A,A,H,-,A,D,0,,,,,Y,,A,07,0,0,2,0,0,0,0,0,0,"- ","- ",40.586559295654297,-122.37683868408203,SHASTA,REDDING,-122.37683868408203,40.586563110351562
91639642,2021,2021-12-01,9135,2021-11-08,1100,016087,,1,1,9,4500,0,3,5,,2,003,"SR-273 N/B","THOMAS RD.",575.00,N,N,A,-,Y,,,273,,,,,,N,Y,2,0,1,1,A,-,01,23152,G,N,E,I,A,A,H,-,A,D,0,,,,,Y,Y,A,01,1,0,0,0,0,0,0,0,0,"- ","- ",40.493480682373047,-122.36361694335938,SHASTA,UNINCORPORATED,-122.36380767822266,40.493206024169922
9514187,2021,2022-11-04,4502,2021-12-16,1213,118,R02,4,5,5,4502,0,0,0,,0,002,"CYPRESS AV",ATHENS,25.00,E,N,B,-,N,,,,,,,,,,N,4,0,2,2,A,-,03,22350,,M,C,C,A,A,H,-,A,A,0,,,,,Y,,A,01,0,0,2,0,0,0,0,0,0,"- ","- ",40.583969116210938,-122.37404632568359,SHASTA,REDDING,-122.376708984375,40.573032379150391
91567205,2021,2021-09-10,9135,2021-08-29,1035,017428,,7,1,9,4500,0,3,5,,2,002,"BEAR MOUNTAIN RD.","DRIFTWOOD TR.",2112.00,E,N,A,-,N,,,,,,,,,,Y,2,0,1,1,A,-,08,22107,,N,E,I,A,A,H,-,A,D,0,,,,,Y,,A,07,1,0,0,0,0,0,0,0,0,"- ","- ",40.568271636962891,-122.1947021484375,SHASTA,UNINCORPORATED,-122.25568389892578,40.708488464355469
91428043,2021,2021-03-16,9135,2021-03-14,1715,019257,,7,2,9,4500,0,3,5,,2,004,"MILLVILLE PLAINS ROAD","SPRIG WAY",2746.00,N,N,C,-,N,,,,,,,,,,Y,4,0,2,1,A,-,08,22107,,N,E,I,A,B,H,-,A,D,0,,,,,Y,,D,22,0,0,2,0,0,0,0,0,0,"- ","- ",40.301891326904297,-122.11379241943359,SHASTA,UNINCORPORATED,-122.19387054443359,40.505111694335938
91620036,2021,2021-11-09,9135,2021-10-25,1250,016087,,1,1,9,4500,0,3,5,,2,004,"CANYON RD.","CHINA GULCH DR.",846.00,W,N,B,-,N,,,,,,,,,,Y,1,1,1,1,A,-,03,22350,,N,E,I,A,A,H,-,A,D,0,,,,,Y,,A,01,1,0,0,0,0,0,0,0,0,"- ","- ",40.486831665039062,-122.39389038085938,SHASTA,UNINCORPORATED,-122.39366149902344,40.488620758056641
91639678,2021,2021-12-01,9135,2021-11-21,1153,018837,,7,1,2,4501,0,2,S,,2,901,"PINON AVE","LODGEPOLE AVENUE",235.00,N,N,A,-,N,,,,,,,,,,Y,3,0,1,1,A,-,08,22107,,N,E,I,A,A,H,-,A,D,0,,,Y,,Y,,C,02,0,1,0,0,0,0,0,0,1,"- ","- ",40.440738677978516,-122.29705047607422,SHASTA,ANDERSON,-122.29635620117188,40.440132141113281
91650933,2021,2021-12-13,9135,2021-12-11,1930,019257,,6,2,9,4500,0,1,3,,1,401,"STATE ROUTE 44","SILVER BRIDGE ROAD",0.00,,Y,C,-,Y,,,,,,,,,,Y,4,0,1,2,A,-,09,21801,A,N,A,C,A,B,H,-,C,D,0,,,,,Y,,A,01,0,0,1,0,0,0,0,0,0,"- ","- ",40.331249237060547,-122.13111114501953,SHASTA,UNINCORPORATED,-122.21974182128906,40.553459167480469
9446357,2021,2022-06-09,4502,2021-09-09,1425,R0278,R04,4,5,5,4502,0,0,0,,0,004,"RT 273","KENYON DR",24.00,S,N,A,-,Y,SHA,2,273,-,-,13.720,I,5,S,Y,3,0,2,2,A,-,09,21804,A,N,D,C,A,A,H,-,A,D,0,,,,,Y,,A,08,0,2,0,0,0,0,0,0,0,"- ","- ",40.543998718261719,-122.38629150390625,SHASTA,REDDING,-122.38625335693359,40.544021606445312
91564613,2021,2021-09-07,9135,2021-08-24,0400,018021,,2,3,9,4500,0,1,1,,2,056,"I-5 S/B","OBRIEN INLET ROAD",4224.00,N,N,A,-,Y,,,5,,,,,,S,N,3,0,2,2,A,-,03,22350,,M,C,C,A,A,H,-,D,D,0,,,,,Y,,D,22,0,1,1,0,0,0,0,0,0,"- ","- ",40.822418212890625,-122.32530212402344,SHASTA,UNINCORPORATED,-122.32537841796875,40.822399139404297
9420058,2021,2022-04-26,4502,2021-07-01,1721,524,R06,4,5,5,4502,0,0,0,,0,006,"EUREKA WY","COURT ST",173.00,W,N,A,-,Y,SHA,2,299,-,-,23.780,H,-,E,Y,4,0,1,2,A,-,09,21804,A,N,B,C,A,A,H,-,A,D,0,,,,,Y,,A,07,0,0,1,0,0,0,0,0,0,"- ","- ",40.566471099853516,-122.39710998535156,SHASTA,REDDING,-122.39774322509766,40.586246490478516
9448546,2021,2022-06-06,4502,2021-10-05,0937,526,R02,2,5,5,4502,0,0,0,,0,002,"EAST CYPRESS AV","BECHELLI LN",0.00,,Y,A,-,N,,,,,,,,,,N,4,0,1,2,A,-,08,22107,,N,B,C,A,A,H,-,A,A,0,,,,,Y,,D,22,0,0,1,0,0,0,0,0,0,"- ","- ",40.571479797363281,-122.36380767822266,SHASTA,REDDING,-122.36273956298828,40.571044921875
9512601,2021,2022-11-03,4502,2021-11-11,1750,540,R04,4,5,5,4502,0,0,0,,0,004,"RT 273","CLEAR CREEK RD",60.00,N,N,A,-,Y,SHA,2,273,-,-,11.840,H,-,S,Y,3,0,1,2,A,-,01,23152,A,N,C,C,A,A,H,-,C,A,0,,,,,Y,Y,D,22,0,1,0,0,0,0,0,0,0,"- ","- ",40.516658782958984,-122.3814697265625,SHASTA,REDDING,-122.3814697265625,40.516799926757812
91495890,2021,2021-06-14,9135,2021-04-27,0330,019101,,2,3,9,4500,0,1,1,,2,054,"I-5 N/B","SMITH RD",970.00,S,N,A,-,Y,,,5,,,,,,N,Y,3,0,3,2,A,-,01,23152,A,N,C,C,A,A,H,-,C,D,0,,,,,Y,Y,A,01,0,3,0,0,0,0,0,0,0,"- ","- ",40.517520904541016,-122.34416198730469,SHASTA,UNINCORPORATED,-122.34423828125,40.517494201660156
9369133,2021,2021-12-09,4502,2021-04-08,1253,167,R05,4,5,5,4502,0,0,0,,0,005,"PLACER ST","MAGNOLIA AV",0.00,,Y,A,-,N,,,,,,,,,,Y,3,0,1,2,A,-,03,22350,,N,C,C,A,A,H,-,A,D,0,,,,,Y,,-,,0,1,0,0,0,0,0,0,0,"- ","- ",40.579750061035156,-122.40059661865234,SHASTA,REDDING,-122.40058898925781,40.579757690429688
9448785,2021,2022-06-06,4502,2021-10-06,1550,537,R03,3,5,5,4502,0,0,0,,0,003,"SOUTH BONNYVIEW RD","CHURN CREEK RD",0.00,,Y,A,-,N,,,,,,,,,,Y,4,0,2,2,D,-,00,,,N,A,C,A,A,H,-,A,A,0,,,,,Y,,-,"- ",0,0,2,0,0,0,0,0,0,"- ","- ",40.538108825683594,-122.34898376464844,SHASTA,REDDING,-122.34897613525391,40.538097381591797
91424220,2021,2021-03-10,9135,2021-02-18,1355,017956,,4,1,9,4500,0,1,3,,1,302,SR-273,"WHITE HOUSE DRIVE",0.00,,Y,B,-,Y,,,273,,,,,,,Y,2,0,2,2,A,-,09,21801,A,N,D,C,A,B,H,-,A,A,0,,,,,Y,,A,07,1,1,0,0,0,0,0,0,0,"- ","- ",40.497920989990234,-122.37100219726562,SHASTA,UNINCORPORATED,-122.37100219726562,40.497917175292969
91476632,2021,2021-05-27,9135,2021-05-14,1312,018777,,5,1,9,4500,0,1,3,,2,604,SR-44,SR-89,5618.00,E,N,A,-,Y,,,44,,,,,,,Y,2,0,4,1,A,-,08,22107,,N,E,I,A,A,H,-,A,D,0,,,,,Y,,A,07,1,3,0,0,0,0,0,0,0,"- ","- ",40.677158355712891,-121.40113067626953,SHASTA,UNINCORPORATED,-121.401123046875,40.677154541015625
91526559,2021,2022-07-29,9135,2021-04-30,1930,019680,,5,2,9,4500,0,1,3,,1,606,"STATE HIGHWAY 89","LORENZ RD",19800.00,N,N,A,-,Y,,,,,,,,,,Y,1,1,5,1,A,-,08,22107,,N,E,I,A,A,H,-,A,D,0,,,,,Y,Y,A,07,4,1,0,0,0,0,0,0,0,"- ","- ",40.790958404541016,-121.40599822998047,SHASTA,UNINCORPORATED,-121.62165069580078,41.017433166503906
9514191,2021,2022-11-04,4502,2021-11-02,1215,539,R04,2,5,5,4502,0,0,0,,0,004,"MULLEN PKY","CREEKSIDE ST",70.00,E,N,B,-,N,,,,,,,,,,N,4,0,1,2,B,-,22,,,N,B,C,A,A,H,-,A,D,0,,,,,Y,,D,22,0,0,1,0,0,0,0,0,0,"- ","- ",40.520221710205078,-122.36707305908203,SHASTA,REDDING,-122.36682891845703,40.520107269287109
91425658,2021,2021-03-12,9135,2021-03-09,1700,018133,,2,2,2,4580,0,1,1,,2,055,"I-5 SB",SR-151,1056.00,S,N,C,F,Y,,,5,,,,,,S,Y,4,0,1,2,A,-,03,22350,,N,C,C,A,C,H,-,A,D,0,,,,,Y,,A,01,0,0,1,0,0,0,0,0,0,"- ","- ",40.676910400390625,-122.34951019287109,SHASTA,"SHASTA LAKE",-122.34954071044922,40.676921844482422
91447938,2021,2021-04-12,9135,2021-04-01,1545,019257,,4,2,5,4502,0,1,1,,2,054,"INTERSTATE 5 SB FROM LAKE BLVD","LAKE BOULEVARD",77.00,S,N,A,-,N,,,,,,,,,,Y,3,0,2,2,A,-,01,23152,F,N,D,C,A,A,H,-,A,D,0,,,,,Y,,A,01,0,1,1,0,0,0,0,0,0,"- ","- ",40.364139556884766,-122.21572875976562,SHASTA,REDDING,-122.36337280273438,40.612133026123047
91578868,2021,2021-09-24,9135,2021-09-14,0757,018433,,2,1,9,4500,0,3,5,,2,004,"DERSCH ROAD","AIRPORT ROAD",0.00,,Y,A,-,N,,,,,,,,,,Y,3,0,1,2,A,-,17,21451,A,N,D,C,A,A,H,-,A,A,0,,,,,Y,,A,01,0,1,0,0,0,0,0,0,0,"- ","- ",38.819801330566406,-121.02760314941406,SHASTA,UNINCORPORATED,-122.29325866699219,40.480270385742188