CASE_ID,ACCIDENT_YEAR,PROC_DATE,JURIS,COLLISION_DATE,COLLISION_TIME,OFFICER_ID,REPORTING_DISTRICT,DAY_OF_WEEK,CHP_SHIFT,POPULATION,CNTY_CITY_LOC,SPECIAL_COND,BEAT_TYPE,CHP_BEAT_TYPE,CITY_DIVISION_LAPD,CHP_BEAT_CLASS,BEAT_NUMBER,PRIMARY_RD,SECONDARY_RD,DISTANCE,DIRECTION,INTERSECTION,WEATHER_1,WEATHER_2,STATE_HWY_IND,CALTRANS_COUNTY,CALTRANS_DISTRICT,STATE_ROUTE,ROUTE_SUFFIX,POSTMILE_PREFIX,POSTMILE,LOCATION_TYPE,RAMP_INTERSECTION,SIDE_OF_HWY,TOW_AWAY,COLLISION_SEVERITY,NUMBER_KILLED,NUMBER_INJURED,PARTY_COUNT,PRIMARY_COLL_FACTOR,PCF_CODE_OF_VIOL,PCF_VIOL_CATEGORY,PCF_VIOLATION,PCF_VIOL_SUBSECTION,HIT_AND_RUN,TYPE_OF_COLLISION,MVIW,PED_ACTION,ROAD_SURFACE,ROAD_COND_1,ROAD_COND_2,LIGHTING,CONTROL_DEVICE,CHP_ROAD_TYPE,PEDESTRIAN_ACCIDENT,BICYCLE_ACCIDENT,MOTORCYCLE_ACCIDENT,TRUCK_ACCIDENT,NOT_PRIVATE_PROPERTY,ALCOHOL_INVOLVED,STWD_VEHTYPE_AT_FAULT,CHP_VEHTYPE_AT_FAULT,COUNT_SEVERE_INJ,COUNT_VISIBLE_INJ,COUNT_COMPLAINT_PAIN,COUNT_PED_KILLED,COUNT_PED_INJURED,COUNT_BICYCLIST_KILLED,COUNT_BICYCLIST_INJURED,COUNT_MC_KILLED,COUNT_MC_INJURED,PRIMARY_RAMP,SECONDARY_RAMP,LATITUDE,LONGITUDE,COUNTY,CITY,POINT_X,POINT_Y
9315842,2021,2021-11-03,4501,2021-08-21,1524,223,A01,6,5,2,4501,0,0,0,,0,A01,"SILVER ST","NORTH ST",0.00,,Y,A,-,N,,,,,,,,,,Y,3,0,2,2,A,-,08,22107,,N,A,C,A,A,H,-,A,D,0,,,,,Y,,A,07,0,1,1,0,0,0,0,0,0,"- ","- ",,,SHASTA,ANDERSON,-122.30278015136719,40.449249267578125
9356518,2021,2021-12-08,4502,2021-03-05,0112,R354,,5,5,5,4502,0,0,0,,0,,"WESTSIDE RD","WESTSIDE RD 4275",0.00,,-,A,-,N,,,,,,,,,,Y,3,0,1,1,A,-,01,23152,E,N,E,I,A,A,H,-,C,D,0,,,,,Y,,A,01,0,1,0,0,0,0,0,0,0,"- ","- ",40.553440093994141,-122.38825988769531,SHASTA,REDDING,-122.38777160644531,40.551109313964844
9435408,2021,2022-05-02,4502,2021-07-25,1215,539,R04,7,5,5,4502,0,0,0,,0,004,"SOUTH BONNYVIEW RD","EASTSIDE RD",81.00,E,N,A,-,N,,,,,,,,,,Y,2,0,5,4,A,-,03,22350,,F,C,C,A,A,H,-,A,A,0,,,,,Y,,A,01,1,4,0,0,0,0,0,0,0,"- ","- ",40.529850006103516,-122.38031768798828,SHASTA,REDDING,-122.38006591796875,40.530017852783203
9450286,2021,2022-06-14,4502,2021-09-08,0806,155,R07,3,5,5,4502,0,0,0,,0,007,"LAKE BL",MASONIC,229.00,W,N,A,-,N,,,,,,,,,,N,3,0,1,2,A,-,09,21804,A,N,D,G,A,A,H,-,A,D,0,,Y,,,Y,,L,04,0,1,0,0,0,0,1,0,0,"- ","- ",40.610130310058594,-122.38046264648438,SHASTA,REDDING,-122.38010406494141,40.610374450683594
91650136,2021,2021-12-13,9135,2021-12-02,0205,020908,,4,3,9,4500,0,1,3,,1,606,SR-299,"TAMARACK RD",50.00,W,N,A,-,Y,,,299,,,,,,,Y,2,0,3,1,A,-,08,22107,,N,E,I,A,A,H,-,D,D,0,,,,,Y,Y,D,22,2,1,0,0,0,0,0,0,0,"- ","- ",40.874229431152344,-121.70555877685547,SHASTA,UNINCORPORATED,-121.70558166503906,40.874092102050781
9317494,2021,2021-09-02,4502,2021-01-15,0645,525,R02,5,5,5,4502,0,0,0,,0,002,"EAST CYPRESS AV","BECHELLI LN",9.00,W,N,A,-,N,,,,,,,,,,N,4,0,1,2,A,-,03,22350,,N,C,C,A,A,H,-,A,A,0,,,,,Y,,A,01,0,0,1,0,0,0,0,0,0,"- ","- ",40.571041107177734,-122.36271667480469,SHASTA,REDDING,-122.36277008056641,40.571048736572266
9378575,2021,2021-12-13,4502,2021-03-15,0909,527,R07,1,5,5,4502,0,0,0,,0,007,"LAKE BL","SANTA ROSA WY",342.00,W,N,B,-,N,,,,,,,,,,N,4,0,1,3,A,-,09,21804,A,N,D,C,A,A,H,-,A,D,0,,,,,Y,,A,01,0,0,1,0,0,0,0,0,0,"- ","- ",40.621990203857422,-122.40318298339844,SHASTA,REDDING,-122.40274047851562,40.622066497802734
9513352,2021,2022-11-01,4502,2021-11-09,1710,537,R05,2,5,5,4502,0,0,0,,0,005,"PLACER ST","ORANGE AV",0.00,,Y,B,-,N,,,,,,,,,,Y,4,0,1,2,A,-,03,22350,,N,C,C,A,B,H,-,C,D,0,,,,,Y,,A,01,0,0,1,0,0,0,0,0,0,"- ","- ",40.579410552978516,-122.40203094482422,SHASTA,REDDING,-122.40202331542969,40.57940673828125
91598895,2021,2021-10-18,9135,2021-10-15,0337,018174,,5,3,9,4500,0,1,3,,1,201,SR-299,"KERN DR",300.00,W,N,A,-,Y,,,299,,,,,,,Y,3,0,1,1,C,-,18,,,N,H,H,A,A,H,-,D,D,0,,,,,Y,,-,"- ",0,1,0,0,0,0,0,0,0,"- ","- ",40.634349822998047,-122.25523376464844,SHASTA,UNINCORPORATED,-122.25522613525391,40.634330749511719
91608096,2021,2021-10-27,9135,2021-10-16,1750,019111,,6,2,9,4500,0,3,5,,2,003,"PLACER RD.","PLACER VIEW CT.",808.00,W,N,A,-,N,,,,,,,,,,Y,3,0,1,1,A,-,01,23152,F,N,E,I,A,A,H,-,B,D,0,,,,,Y,,D,22,0,1,0,0,0,0,0,0,0,"- ","- ",40.518058776855469,-122.50270080566406,SHASTA,UNINCORPORATED,-122.50382995605469,40.517932891845703
91619393,2021,2021-11-09,9130,2021-11-07,1047,019792,,7,1,9,4500,0,3,5,,2,020,"RANCHO TEHAMA RD","BOGGS AND CHAMPLIN RD.",2600.00,E,N,A,-,N,,,,,,,,,,Y,3,0,2,2,A,-,03,22350,,N,C,C,A,A,H,-,A,D,0,,,,,Y,Y,A,01,0,2,0,0,0,0,0,0,0,"- ","- ",40.015968322753906,-122.37248229980469,SHASTA,UNINCORPORATED,-122.37272644042969,40.015827178955078
9338684,2021,2021-10-12,4502,2021-02-28,2041,YABRA108,R07,7,5,5,4502,0,0,0,,0,007,"RT 273","LAKE BL",0.00,,Y,A,-,Y,SHA,2,273,-,-,18.622,I,5,S,Y,3,0,1,2,A,-,12,21453,A,N,D,C,A,A,H,-,C,A,0,,,,,Y,,A,01,0,1,0,0,0,0,0,0,0,"- ","- ",,,SHASTA,REDDING,-122.37671661376953,40.609455108642578
9377714,2021,2022-02-23,4500,2021-08-26,1350,344,S3B,4,5,2,4580,0,0,0,,0,S3B,"PINEGROVE AV","ASHBY RD",0.00,,Y,A,-,N,,,,,,,,,,N,3,0,1,2,A,-,09,21804,A,N,D,C,A,A,H,-,A,A,0,,,,,Y,,-,"- ",0,1,0,0,0,0,0,0,0,"- ","- ",,,SHASTA,"SHASTA LAKE",-122.38777160644531,40.664016723632812
9402016,2021,2022-03-08,4502,2021-05-14,1732,529,R07,5,5,5,4502,0,0,0,,0,007,"LAKE BL","NORTHPOINT DR",0.00,,Y,A,-,N,,,,,,,,,,Y,3,0,1,2,A,-,03,22350,,N,C,C,A,A,H,-,A,A,0,,,,,Y,,D,22,0,1,0,0,0,0,0,0,0,"- ","- ",40.611141204833984,-122.38139343261719,SHASTA,REDDING,-122.38131713867188,40.611133575439453
9472813,2021,2022-07-21,4502,2021-09-14,1619,537,R04,2,5,5,4502,0,0,0,,0,004,"SOUTH BONNYVIEW RD","INDIANWOOD DR",857.00,W,N,A,-,N,,,,,,,,,,Y,3,0,1,2,A,-,08,22107,,N,B,C,A,A,H,-,A,D,0,,,Y,,Y,Y,A,01,0,1,0,0,0,0,0,0,1,"- ","- ",40.536510467529297,-122.36106872558594,SHASTA,REDDING,-122.36359405517578,40.535140991210938
9513358,2021,2022-11-01,4502,2021-11-26,0623,524,R07,5,5,5,4502,0,0,0,,0,007,"LAKE BL","SANTA ROSA WY",8.00,,N,A,-,N,,,,,,,,,,Y,3,0,1,3,A,-,05,21650,,N,B,E,A,A,H,-,B,D,0,,,,,Y,,A,07,0,1,0,0,0,0,0,0,0,"- ","- ",40.622360229492188,-122.40248870849609,SHASTA,REDDING,-122.40192413330078,40.621372222900391
91388112,2021,2021-01-15,9135,2021-01-08,1558,018829,,5,2,9,4500,0,3,5,,2,001,"IRON MOUNTAIN RD","MARKET STREET",0.00,,Y,A,-,N,,,,,,,,,,Y,4,0,2,2,A,-,12,22450,A,N,B,C,A,A,H,-,A,A,0,,,,,Y,,A,07,0,0,2,0,0,0,0,0,0,"- ","- ",40.619499206542969,-122.46369171142578,SHASTA,UNINCORPORATED,-122.46373748779297,40.619537353515625
91439519,2021,2021-03-30,9146,2021-03-25,0315,019167,,4,3,9,4500,0,1,1,,2,014,"I-5 S/B","SLATE CREEK RD",500.00,S,N,A,-,Y,,,5,,,,,,S,Y,4,0,1,1,A,-,08,22107,,N,E,I,A,A,H,-,D,A,0,,,,Y,Y,,G,25,0,0,1,0,0,0,0,0,0,"- ","- ",40.978191375732422,-122.43276977539062,SHASTA,UNINCORPORATED,-122.43273162841797,40.978168487548828
91483167,2021,2021-05-27,9135,2021-05-21,1115,018133,,5,1,9,4500,0,3,5,,2,001,"KESWICK DAM RD","QUARTZ HILL RD",1320.00,E,N,A,-,N,,,,,,,,,,Y,3,0,2,3,A,-,03,22350,,F,C,C,A,A,H,-,A,A,0,,,,,Y,,A,01,0,1,1,0,0,0,0,0,0,"- ","- ",40.620071411132812,-122.42658996582031,SHASTA,UNINCORPORATED,-122.42665100097656,40.620044708251953
91653108,2021,2021-12-15,9135,2021-12-14,1515,019111,,2,2,9,4500,0,3,5,,2,004,"DERSCH RD","MILLVILLE PLAINS RD",25.00,W,N,A,-,N,,,,,,,,,,N,4,0,1,1,A,-,08,22107,,N,E,I,A,A,H,-,A,D,0,,,,,Y,,A,01,0,0,1,0,0,0,0,0,0,"- ","- ",40.479141235351562,-122.20694732666016,SHASTA,UNINCORPORATED,-122.20687103271484,40.479080200195312
9498880,2021,2022-11-03,4502,2021-11-24,1230,193,R06,3,5,5,4502,0,0,0,,0,006,"RT 44","AUDITORIUM DR",2458.00,E,N,A,-,Y,SHA,2,44,-,L,1.320,H,-,W,N,4,0,1,1,D,-,00,,,N,E,I,A,A,A,-,A,D,0,,Y,,,Y,,-,"- ",0,0,1,0,0,0,1,0,0,"- ","- ",,,SHASTA,REDDING,-122.36960601806641,40.586055755615234
91530466,2021,2021-07-28,9135,2021-07-20,0348,018777,,2,3,9,4500,0,1,3,,2,603,SR-299,"PITTVILLE ROAD",0.00,,Y,A,-,Y,,,,,,,,,,Y,3,0,1,1,A,-,08,22107,,N,E,8,A,A,H,-,A,D,0,,,,,Y,,D,22,0,1,0,0,0,0,0,0,0,"- ","- ",40.059059143066406,-121.37563323974609,SHASTA,UNINCORPORATED,-121.37554168701172,41.059009552001953
91396054,2021,2021-01-28,9135,2021-01-27,1830,019680,,3,2,9,4500,0,1,3,,2,603,"MCARTHUR RD","OLD SCHOOL RD",310.00,S,N,B,-,N,,,,,,,,,,Y,3,0,1,1,A,-,03,22350,,N,E,I,A,C,H,-,D,D,0,,,,,Y,,D,22,0,1,0,0,0,0,0,0,0,"- ","- ",41.123420715332031,-121.34562683105469,SHASTA,UNINCORPORATED,-121.51206207275391,41.080028533935547
91560634,2021,2021-09-01,9135,2021-07-05,0245,017698,,1,3,5,4502,0,3,5,,2,003,"RIVERLAND DRIVE","KNIGHTON ROAD",6864.00,S,N,C,-,N,,,,,,,,,,N,1,1,0,2,A,-,11,21956,A,N,G,B,E,A,H,-,C,D,0,Y,,,,Y,,N,60,0,0,0,1,0,0,0,0,0,"- ","- ",40.489208221435547,-122.32781982421875,SHASTA,REDDING,-122.32801055908203,40.489601135253906
9338690,2021,2021-10-04,4502,2021-02-10,0916,R523,R06,3,5,5,4502,0,0,0,,0,006,"BUTTE ST","CONTINENTAL ST",0.00,,N,A,-,N,,,,,,,,,,N,3,0,1,2,A,-,10,21950,A,N,G,B,B,A,H,-,A,A,0,Y,,,,Y,,A,01,0,1,0,0,1,0,0,0,0,"- ","- ",40.585651397705078,-122.38568115234375,SHASTA,REDDING,-122.3856201171875,40.585651397705078
9355836,2021,2021-11-08,4502,2021-03-04,1534,537,R06,4,5,5,4502,0,0,0,,0,006,"NORTH MARKET ST","BENTON DR",38.00,S,N,A,-,Y,SHA,2,273,-,-,17.800,H,-,N,N,4,0,1,2,A,-,03,22350,,N,C,C,A,A,H,-,A,A,0,,,,,Y,,A,07,0,0,1,0,0,0,0,0,0,"- ","- ",40.599231719970703,-122.38413238525391,SHASTA,REDDING,-122.38426208496094,40.599258422851562
9414834,2021,2022-02-28,4502,2021-05-10,1921,540,R04,1,5,5,4502,0,0,0,,0,004,"BUENAVENTURA BL","RAILROAD AV",0.00,,Y,A,-,N,,,,,,,,,,Y,4,0,3,2,A,-,12,21453,A,N,D,C,A,A,H,-,A,A,0,,,,,Y,,-,"- ",0,0,3,0,0,0,0,0,0,"- ","- ",40.554538726806641,-122.38993835449219,SHASTA,REDDING,-122.38993072509766,40.554550170898438
9296893,2021,2021-09-16,4502,2021-01-18,0919,R539,R06,1,5,5,4502,0,0,0,,0,006,"EUREKA WY","CALIFORNIA ST",0.00,,Y,A,-,Y,SHA,2,299,-,-,24.020,I,5,W,Y,4,0,1,2,A,-,12,21453,A,N,D,C,A,A,H,-,A,A,0,,,,,Y,,A,07,0,0,1,0,0,0,0,0,0,"- ","- ",40.587669372558594,-122.39228057861328,SHASTA,REDDING,-122.39360809326172,40.587375640869141
9338686,2021,2021-10-04,4502,2021-02-21,0810,525,R05,7,5,5,4502,0,0,0,,0,005,"PINE ST","SHASTA ST",55.00,N,N,A,-,N,,,,,,,,,,N,3,0,2,2,A,-,"- ",,,N,D,C,A,A,H,-,A,A,0,,,,,Y,,A,01,0,1,1,0,0,0,0,0,0,"- ","- ",40.586669921875,-122.39041900634766,SHASTA,REDDING,-122.39049530029297,40.586826324462891
9414830,2021,2022-02-28,4502,2021-05-23,1010,539,R02,7,5,5,4502,0,0,0,,0,002,"EAST CYPRESS AV","CHURN CREEK RD",47.00,W,N,A,-,N,,,,,,,,,,Y,4,0,1,2,A,-,08,22107,,N,D,C,A,A,H,-,A,D,0,,,,,Y,,A,01,0,0,1,0,0,0,0,0,0,"- ","- ",40.571029663085938,-122.35308837890625,SHASTA,REDDING,-122.353271484375,40.571041107177734
9433757,2021,2022-10-14,4502,2021-12-06,1651,537,R03,1,5,5,4502,0,0,0,,0,003,"AIRPORT RD","OLD OREGON TRAIL",36.00,N,N,C,-,N,,,,,,,,,,Y,4,0,3,3,A,-,03,22350,,N,C,C,A,B,H,-,D,A,0,,,,,Y,,A,07,0,0,3,0,0,0,0,0,0,"- ","- ",40.5589599609375,-122.30174255371094,SHASTA,REDDING,-122.30184936523438,40.558773040771484
91598890,2021,2021-10-18,9135,2021-10-08,1415,020908,,5,2,9,4500,0,3,5,,2,006,"CLARK CREEK RD",SR-89,10032.00,W,N,A,-,N,,,,,,,,,,Y,3,0,1,1,A,-,08,22107,,N,F,A,A,A,H,-,A,D,0,,,,Y,Y,,G,25,0,1,0,0,0,0,0,0,0,"- ","- ",41.042148590087891,-121.66535949707031,SHASTA,UNINCORPORATED,-121.66549682617188,41.042274475097656
91395348,2021,2021-01-27,9146,2021-01-15,1850,020647,,5,2,9,4500,0,1,1,,2,014,"I-5 SOUTHBOUND","GIBSON ROAD",1056.00,N,N,A,-,Y,,,5,,,,,,S,N,4,0,1,2,A,-,07,21658,A,M,B,C,A,A,H,-,D,D,0,,,,,Y,Y,A,01,0,0,1,0,0,0,0,0,0,"- ","- ",41.028820037841797,-122.39713287353516,SHASTA,UNINCORPORATED,-122.39713287353516,41.028820037841797
91403791,2021,2021-02-08,9135,2021-01-30,1050,018021,,6,1,9,4500,0,3,5,,2,004,"AIRPORT RD","CHURN CREEK RD",0.00,,Y,A,-,N,,,,,,,,,,Y,4,0,1,2,A,-,12,21453,A,N,D,C,A,A,H,-,A,A,0,,,,,Y,,A,01,0,0,1,0,0,0,0,0,0,"- ","- ",40.480300903320312,-122.293212890625,SHASTA,UNINCORPORATED,-122.29325866699219,40.480270385742188
9402056,2021,2022-03-08,4502,2021-05-05,1814,525,R04,3,5,5,4502,0,0,0,,0,004,"BUENA VENTURA DR","CANYON CREEK RD",961.00,E,N,A,-,N,,,,,,,,,,N,4,0,3,2,A,-,01,23152,A,N,C,C,A,A,H,-,A,D,0,,,,,Y,Y,A,01,0,0,3,0,0,0,0,0,0,"- ","- ",40.555900573730469,-122.39615631103516,SHASTA,REDDING,-122.39602661132812,40.556304931640625
9426116,2021,2022-04-14,4502,2021-06-28,0032,307,R01,1,5,5,4502,0,0,0,,0,001,"HILLTOP DR","RIDGECREST TRL",207.00,N,N,A,-,N,,,,,,,,,,Y,3,0,1,3,A,-,05,21650,,M,B,C,A,A,H,-,C,D,0,,,,,Y,,-,"- ",0,1,0,0,0,0,0,0,0,"- ","- ",,,SHASTA,REDDING,-122.37448120117188,40.602252960205078
91403792,2021,2021-02-08,9135,2021-02-01,1125,016424,,1,1,9,4500,0,1,3,,1,201,"STATE ROUTE-299","TERRY MILL ROAD",1250.00,W,N,B,-,Y,,,299,,,,,,,Y,4,0,1,1,A,-,08,22107,,N,E,I,A,B,H,-,A,D,0,,,,Y,Y,,F,55,0,0,1,0,0,0,0,0,0,"- ","- ",40.791858673095703,-121.94476318359375,SHASTA,UNINCORPORATED,-121.94473266601562,40.791831970214844
91628157,2021,2021-11-18,9135,2021-11-04,0524,018021,,4,3,9,4500,0,1,1,,2,056,"I-5 N/B","BRIDGE BAY RD",735.00,N,N,C,-,Y,,,5,,,,,,N,Y,4,0,1,1,A,-,03,22350,,N,E,I,A,B,H,-,D,D,0,,,,,Y,,A,01,0,0,1,0,0,0,0,0,0,"- ","- ",40.753250122070312,-122.32158660888672,SHASTA,UNINCORPORATED,-122.32160949707031,40.753242492675781
9433749,2021,2022-10-18,4502,2021-12-27,1717,537,R04,1,5,5,4502,0,0,0,,0,004,"RT 273","REDDING RANCHERIA RD",77.00,N,N,A,-,Y,SHA,2,273,-,-,11.230,H,-,S,Y,4,0,1,2,A,-,03,22350,,F,C,C,A,A,H,-,D,D,0,,,,,Y,,A,01,0,0,1,0,0,0,0,0,0,"- ","- ",40.509319305419922,-122.38001251220703,SHASTA,REDDING,-122.38001251220703,40.508487701416016
9439026,2021,2022-05-24,4502,2021-08-30,0748,526,R03,1,5,5,4502,0,0,0,,0,003,"AIRPORT RD","PRESERVE BL",0.00,,Y,A,-,N,,,,,,,,,,Y,4,0,2,3,A,-,03,22350,,N,C,C,A,A,H,-,A,A,0,,,Y,,Y,,D,22,0,0,2,0,0,0,0,0,1,"- ","- ",40.551750183105469,-122.30280303955078,SHASTA,REDDING,-122.30281066894531,40.551784515380859
91622458,2021,2021-11-11,9135,2021-10-22,2120,018021,,5,2,9,4500,0,3,5,,2,003,"RIVERLAND DR","HAITI DR",1515.00,N,N,C,-,N,,,,,,,,,,Y,2,0,1,2,A,-,21,22106,,F,H,C,A,B,H,-,D,D,0,,,,,Y,Y,A,01,1,0,0,0,0,0,0,0,0,"- ","- ",40.489391326904297,-122.32791137695312,SHASTA,UNINCORPORATED,-122.32851409912109,40.490367889404297
9513360,2021,2022-11-01,4502,2021-11-22,1758,540,R03,1,5,5,4502,0,0,0,,0,003,"RANCHO RD","SHASTA VIEW DR",0.00,,Y,A,-,N,,,,,,,,,,Y,3,0,4,2,A,-,09,21800,C,N,D,C,A,A,H,-,C,D,0,,,,,Y,,A,01,0,4,0,0,0,0,0,0,0,"- ","- ",40.534751892089844,-122.3177490234375,SHASTA,REDDING,-122.3177490234375,40.534732818603516
91430511,2021,2021-03-18,9135,2021-03-16,1130,018890,,2,1,9,4500,0,1,3,,1,401,SR-44,"FLINT RDGE RD.",130.00,E,N,A,-,Y,,,44,,,,,,,Y,2,0,2,2,A,-,09,21801,A,N,A,C,A,A,H,-,A,D,0,,,,,Y,,D,22,1,1,0,0,0,0,0,0,0,"- ","- ",40.515121459960938,-122.07382965087891,SHASTA,UNINCORPORATED,-122.07382965087891,40.515125274658203
91674462,2021,2022-01-10,9135,2021-11-12,1825,017698,,5,2,5,4502,0,3,5,,2,003,"SCOUT AVENUE","TELEPHONE GULCH ROAD",275.00,E,N,A,-,N,,,,,,,,,,Y,4,0,1,2,A,-,13,22504,A,N,E,E,A,A,H,-,D,D,0,,,,,Y,,D,22,0,0,1,0,0,0,0,0,0,"- ","- ",40.456180572509766,-122.44390869140625,SHASTA,REDDING,-122.44392395019531,40.456188201904297
9368809,2021,2022-01-06,4502,2021-04-21,2209,115,R05,3,5,5,4502,0,0,0,,0,005,"PLACER ST","CHESTNUT ST",100.00,W,N,A,-,N,,,,,,,,,,Y,4,0,1,2,A,-,08,22107,,N,C,E,A,A,H,-,C,D,0,,,,,Y,,A,07,0,0,1,0,0,0,0,0,0,"- ","- ",40.5802001953125,-122.39801025390625,SHASTA,REDDING,-122.39762878417969,40.580493927001953
9388185,2021,2022-01-11,4502,2021-04-26,1720,525,R05,1,5,5,4502,0,0,0,,0,005,"PINE ST","PLACER ST",0.00,,Y,A,-,N,,,,,,,,,,N,4,0,2,2,A,-,09,21801,A,N,A,C,A,A,A,-,A,A,0,,,,,Y,,A,01,0,0,2,0,0,0,0,0,0,"- ","- ",40.582710266113281,-122.38873291015625,SHASTA,REDDING,-122.38877105712891,40.58270263671875
91674554,2021,2022-01-10,9135,2021-12-28,1745,019030,,2,2,9,4500,0,1,1,,2,053,"I-5 S/B","SACRAMENTO RIVER",2112.00,N,N,B,C,Y,,,5,,,,,,S,Y,4,0,3,2,A,-,07,21658,A,N,C,C,A,B,H,-,D,D,0,,,,,Y,,A,01,0,0,3,0,0,0,0,0,0,"- ","- ",40.47711181640625,-122.31640625,SHASTA,UNINCORPORATED,-122.31638336181641,40.477138519287109
9338615,2021,2021-10-07,4502,2021-02-13,1053,529,R04,6,5,5,4502,0,0,0,,0,004,"SOUTH BONNYVIEW RD","E BONNYVIEW DR",620.00,E,N,B,-,N,,,,,,,,,,N,4,0,2,2,A,-,03,22350,,N,C,C,A,A,H,-,A,D,0,,,,,Y,,D,22,0,0,2,0,0,0,0,0,0,"- ","- ",40.531608581542969,-122.37425994873047,SHASTA,REDDING,-122.3721923828125,40.532333374023438
9429187,2021,2022-04-14,4502,2021-06-07,1430,525,R04,1,5,5,4502,0,0,0,,0,004,"SOUTH MARKET ST","ELLIS ST",38.00,W,N,A,-,Y,SHA,2,273,-,-,15.150,I,5,N,N,4,0,1,2,A,-,12,21453,A,N,D,C,A,A,H,-,A,A,0,,,,,Y,,-,"- ",0,0,1,0,0,0,0,0,0,"- ","- ",40.564430236816406,-122.38771057128906,SHASTA,REDDING,-122.38761138916016,40.564422607421875
9494169,2021,2022-10-13,4502,2021-12-03,1600,525,R05,5,5,5,4502,0,0,0,,0,005,"PLACER ST","OLIVE AV",26.00,S,N,A,-,N,,,,,,,,,,N,4,0,2,2,A,-,09,21801,A,N,D,C,A,A,H,-,A,D,0,,,,,Y,,A,07,0,0,2,0,0,0,0,0,0,"- ","- ",40.579048156738281,-122.40345001220703,SHASTA,REDDING,-122.40349578857422,40.579029083251953
91543283,2021,2021-08-12,9135,2021-08-04,0030,016960,,3,3,9,4500,0,1,1,,2,056,"INTERSTATE 5 NORTHBOUND","MCCARDLE FLAT ROAD",150.00,N,N,A,-,Y,,,5,,,,,,N,Y,3,0,1,2,A,-,01,23152,A,N,B,C,A,A,H,-,D,A,0,,,,Y,Y,Y,A,01,0,1,0,0,0,0,0,0,0,"- ","- ",40.957790374755859,-122.43549346923828,SHASTA,UNINCORPORATED,-122.43550109863281,40.957782745361328
9356573,2021,2021-11-17,4502,2021-03-28,1032,525,R07,7,5,5,4502,0,0,0,,0,007,"LAKE BL","NORTH MARKET ST",207.00,W,N,A,-,N,,,273,,,,,,,N,4,0,1,3,A,-,03,22350,,N,C,C,A,A,H,-,A,A,0,,,,,Y,,A,01,0,0,1,0,0,0,0,0,0,"- ","- ",40.609428405761719,-122.37663269042969,SHASTA,REDDING,-122.37671661376953,40.609439849853516
91512999,2021,2021-07-05,9135,2021-07-04,1450,016960,,7,2,9,4500,0,1,3,,1,301,"STATE ROUTE 299","WHISKEY CREEK ROAD",5808.00,E,N,A,-,Y,,,299,,,,,,,Y,3,0,1,2,A,-,03,22350,,N,B,C,A,A,H,-,A,A,0,,,,,Y,,A,01,0,1,0,0,0,0,0,0,0,"- ","- ",40.625808715820312,-122.54180145263672,SHASTA,UNINCORPORATED,-122.54166412353516,40.626110076904297
91530463,2021,2021-07-28,9135,2021-07-19,1543,018837,,1,2,9,4500,0,3,5,,2,003,"SOUTH SHORE DR","PAIGE BAR RD",0.00,,Y,A,-,N,,,,,,,,,,Y,2,0,1,2,A,-,05,21650,,N,A,C,A,A,H,-,A,D,0,,,Y,,Y,,C,02,1,0,0,0,0,0,0,0,1,"- ","- ",40.600189208984375,-122.53536224365234,SHASTA,UNINCORPORATED,-122.53507995605469,40.600269317626953
91406844,2021,2021-02-11,9135,2021-02-03,2302,020361,,3,3,9,4500,0,1,1,,2,053,"I-5 N/B","GAS POINT ROAD",198.00,N,N,A,-,Y,,,5,,,,,,N,Y,4,0,1,1,A,-,01,23152,F,N,E,I,A,A,H,-,D,D,0,,,,,Y,,A,07,0,0,1,0,0,0,0,0,0,"- ","- ",40.389900207519531,-122.28530883789062,SHASTA,UNINCORPORATED,-122.28510284423828,40.389904022216797
91445259,2021,2021-04-07,9135,2021-04-04,1915,018388,,7,2,9,4500,0,1,3,,1,302,"HAWTHORNE AVE","HAPPY VALLEY RD",528.00,W,N,A,-,N,,,,,,,,,,Y,4,0,1,1,A,-,08,22107,,N,E,I,A,A,H,-,A,D,0,,,,,Y,,A,07,0,0,1,0,0,0,0,0,0,"- ","- ",40.477859497070312,-122.39987182617188,SHASTA,UNINCORPORATED,-122.39927673339844,40.477920532226562
91549424,2021,2021-08-19,9135,2021-08-18,1630,016480,,3,2,5,4502,0,1,3,,2,040,"SR-44 E/B TO VICTOR AVE.","VICTOR AVE.",100.00,W,N,A,-,Y,,,44,,,,R,,E,N,4,0,1,2,A,-,03,22350,,N,C,C,A,A,H,-,A,D,0,,,,,Y,,A,08,0,0,1,0,0,0,0,0,0,"- ","- ",40.579570770263672,-122.33946990966797,SHASTA,REDDING,-122.33946990966797,40.579570770263672