CASE_ID,ACCIDENT_YEAR,PROC_DATE,JURIS,COLLISION_DATE,COLLISION_TIME,OFFICER_ID,REPORTING_DISTRICT,DAY_OF_WEEK,CHP_SHIFT,POPULATION,CNTY_CITY_LOC,SPECIAL_COND,BEAT_TYPE,CHP_BEAT_TYPE,CITY_DIVISION_LAPD,CHP_BEAT_CLASS,BEAT_NUMBER,PRIMARY_RD,SECONDARY_RD,DISTANCE,DIRECTION,INTERSECTION,WEATHER_1,WEATHER_2,STATE_HWY_IND,CALTRANS_COUNTY,CALTRANS_DISTRICT,STATE_ROUTE,ROUTE_SUFFIX,POSTMILE_PREFIX,POSTMILE,LOCATION_TYPE,RAMP_INTERSECTION,SIDE_OF_HWY,TOW_AWAY,COLLISION_SEVERITY,NUMBER_KILLED,NUMBER_INJURED,PARTY_COUNT,PRIMARY_COLL_FACTOR,PCF_CODE_OF_VIOL,PCF_VIOL_CATEGORY,PCF_VIOLATION,PCF_VIOL_SUBSECTION,HIT_AND_RUN,TYPE_OF_COLLISION,MVIW,PED_ACTION,ROAD_SURFACE,ROAD_COND_1,ROAD_COND_2,LIGHTING,CONTROL_DEVICE,CHP_ROAD_TYPE,PEDESTRIAN_ACCIDENT,BICYCLE_ACCIDENT,MOTORCYCLE_ACCIDENT,TRUCK_ACCIDENT,NOT_PRIVATE_PROPERTY,ALCOHOL_INVOLVED,STWD_VEHTYPE_AT_FAULT,CHP_VEHTYPE_AT_FAULT,COUNT_SEVERE_INJ,COUNT_VISIBLE_INJ,COUNT_COMPLAINT_PAIN,COUNT_PED_KILLED,COUNT_PED_INJURED,COUNT_BICYCLIST_KILLED,COUNT_BICYCLIST_INJURED,COUNT_MC_KILLED,COUNT_MC_INJURED,PRIMARY_RAMP,SECONDARY_RAMP,LATITUDE,LONGITUDE,COUNTY,CITY,POINT_X,POINT_Y
91480493,2021,2021-05-27,9135,2021-05-13,1725,017698,,4,2,9,4500,0,1,3,,2,040,SR-44,"SKYLIGHT RIDGE",15.00,W,N,A,-,Y,,,44,,,,,,,Y,3,0,2,2,A,-,03,22350,,N,C,C,A,A,H,-,A,D,0,,,,,Y,,D,22,0,1,1,0,0,0,0,0,0,"- ","- ",40.532871246337891,-122.12661743164062,SHASTA,UNINCORPORATED,-122.12661743164062,40.532913208007812
9317499,2021,2021-09-02,4502,2021-01-10,0134,170,R04,7,5,5,4502,0,0,0,,0,R04,"EASTSIDE RD","PROGRESS ST",685.00,S,N,A,-,N,,,,,,,,,,Y,2,0,1,1,A,-,03,22350,,N,E,I,A,A,H,-,C,A,0,,,,,Y,,A,08,1,0,0,0,0,0,0,0,0,"- ","- ",40.556529998779297,-122.38773345947266,SHASTA,REDDING,-122.38738250732422,40.554668426513672
91426898,2021,2021-03-15,9135,2021-03-10,1018,017855,,3,1,9,4500,0,1,3,,1,302,"SR-273 S/B","HAPPY VALLEY ROAD",0.00,,Y,B,C,Y,,,273,,,,,,S,Y,2,0,1,3,A,-,03,22350,,N,D,C,A,B,H,-,A,A,0,,,,,Y,,A,01,1,0,0,0,0,0,0,0,0,"- ","- ",40.494438171386719,-122.36598205566406,SHASTA,UNINCORPORATED,-122.365966796875,40.494461059570312
91503738,2021,2021-06-23,9135,2021-06-09,1740,017698,,3,2,9,4500,0,1,3,,1,302,"SR-273 S/B","OVERLAND DRIVE",200.00,S,N,A,-,Y,,,273,,,,,,S,Y,3,0,1,3,A,-,07,21658,A,M,B,C,A,A,H,-,A,D,0,,,,,Y,,-,99,0,1,0,0,0,0,0,0,0,"- ","- ",40.481971740722656,-122.34758758544922,SHASTA,UNINCORPORATED,-122.34759521484375,40.481964111328125
91545854,2021,2021-08-16,9135,2021-08-08,0130,018174,,7,3,2,4501,0,1,1,,2,053,"I-5 S/B","FACTORY OUTLETS DR",2640.00,N,N,A,-,Y,,,5,,,,,,S,Y,3,0,1,1,A,-,01,23152,A,N,E,J,A,A,D,-,D,D,0,,,,,Y,Y,D,22,0,1,0,0,0,0,0,0,0,"- ","- ",40.444969177246094,-122.28897857666016,SHASTA,ANDERSON,-122.28890228271484,40.444988250732422
91578914,2021,2021-09-24,9135,2021-09-04,2025,019710,,6,2,9,4500,0,1,1,,2,054,"INTERSTATE 5","CYPRESS AVENUE",1660.00,N,N,A,-,Y,,,,,,,,,,N,2,0,1,2,A,-,11,21954,A,N,G,B,D,A,H,-,D,D,0,Y,,,,Y,,N,60,1,0,0,0,1,0,0,0,0,"- ","- ",40.575901031494141,-122.36064910888672,SHASTA,UNINCORPORATED,-122.36066436767578,40.575607299804688
9317502,2021,2021-09-02,4502,2021-01-05,1812,524,R01,2,5,5,4502,0,0,0,,0,001,"OLD ALTURAS RD","CHURN CREEK RD",24.00,N,N,A,-,N,,,,,,,,,,Y,3,0,2,3,A,-,12,21453,A,N,A,C,A,A,H,-,C,A,0,,,,,Y,,-,,0,1,1,0,0,0,0,0,0,"- ","- ",40.58843994140625,-122.35099029541016,SHASTA,REDDING,-122.35098266601562,40.588436126708984
9320407,2021,2023-06-20,4502,2021-08-12,1921,193,R01,4,5,5,4502,0,0,0,,0,001,"OLD OREGON TRAIL","DER KINDER RD",168.00,N,N,A,-,N,,,,,,,,,,Y,1,1,0,2,A,-,05,21460,A,N,B,C,A,A,H,-,B,D,0,,,,,Y,Y,A,01,0,0,0,0,0,0,0,0,0,"- ","- ",,,SHASTA,REDDING,-122.29962921142578,40.569694519042969
9377845,2021,2022-02-02,4501,2021-12-13,0529,236,A02,1,5,2,4501,0,0,0,,0,A02,"BALLS FERRY RD","SHADY LN",15.00,W,N,A,-,N,,,,,,,,,,N,4,0,1,2,A,-,11,21954,A,N,G,B,D,B,H,-,D,D,0,Y,,,,Y,,N,60,0,0,1,0,1,0,0,0,0,"- ","- ",,,SHASTA,ANDERSON,-122.28766632080078,40.454998016357422
9435909,2021,2022-04-26,4502,2021-07-23,1612,537,R05,5,5,5,4502,0,0,0,,0,005,"PARK MARINA DR","LOCUST ST",0.00,,Y,A,-,N,,,,,,,,,,Y,4,0,1,2,A,-,09,21804,A,N,D,C,A,A,H,-,A,D,0,,,,,Y,,A,01,0,0,1,0,0,0,0,0,0,"- ","- ",40.574108123779297,-122.37355804443359,SHASTA,REDDING,-122.37362670898438,40.574069976806641
91460443,2021,2021-05-27,9135,2021-04-20,1739,018829,,2,2,9,4500,0,1,3,,1,201,SR-299,"KERN DRIVE",15.00,W,N,B,-,Y,,,299,,,,,,,Y,4,0,1,2,A,-,03,22350,,N,C,C,A,A,H,-,A,D,0,,,,,Y,,A,01,0,0,1,0,0,0,0,0,0,"- ","- ",40.634479522705078,-122.25456237792969,SHASTA,UNINCORPORATED,-122.25456237792969,40.634479522705078
91515557,2021,2021-07-08,9135,2021-07-07,0840,017250,,3,1,9,4500,0,1,3,,2,040,"KNIGHTON RD","CHURN CREEK RD",0.00,,Y,A,-,N,,,,,,,,,,Y,3,0,2,2,A,-,12,21453,A,N,D,C,A,A,H,-,A,A,0,,,,,Y,,A,01,0,1,1,0,0,0,0,0,0,"- ","- ",40.508338928222656,-122.32362365722656,SHASTA,UNINCORPORATED,-122.33362579345703,40.505653381347656
91553173,2021,2021-08-24,9135,2021-08-23,1737,018433,,1,2,9,4500,0,1,3,,2,040,SR-44,"DESCHUTES ROAD",2640.00,E,N,A,-,Y,,,44,,,,,,,Y,2,0,4,4,A,-,05,21460,A,N,A,C,A,A,H,-,A,D,0,,,,,Y,,A,01,1,3,0,0,0,0,0,0,0,"- ","- ",40.558589935302734,-122.24259948730469,SHASTA,UNINCORPORATED,-122.24259185791016,40.558624267578125
91612084,2021,2021-11-01,9135,2021-10-28,0810,017855,,4,1,9,4500,0,3,5,,2,001,"QUARTZ HILL ROAD","KESWICK DAM ROAD",1584.00,S,N,A,-,N,,,,,,,,,,Y,4,0,1,2,A,-,03,22350,,N,C,C,A,A,H,-,A,D,0,,,Y,,Y,,A,01,0,0,1,0,0,0,0,0,1,"- ","- ",40.61553955078125,-122.42312622070312,SHASTA,UNINCORPORATED,-122.42296600341797,40.615482330322266
9317498,2021,2021-09-09,4502,2021-01-11,2357,R126,R07,1,5,5,4502,0,0,0,,0,007,"LAKE BL",MASONIC,0.00,,Y,B,-,N,,,,,,,,,,Y,3,0,1,1,A,-,03,22350,,N,E,I,A,A,H,-,C,D,0,,,,,Y,,A,01,0,1,0,0,0,0,0,0,0,"- ","- ",40.609951019287109,-122.37947082519531,SHASTA,REDDING,-122.37944793701172,40.609989166259766
91555306,2021,2021-08-26,9135,2021-08-18,1815,017698,,3,2,9,4500,0,1,1,,2,053,"I-5 N/B",SR-273,2640.00,S,N,A,-,Y,,,5,,,,,,N,Y,4,0,1,1,A,-,08,22107,,N,E,I,A,A,H,-,A,D,0,,,,,Y,,E,22,0,0,1,0,0,0,0,0,0,"- ","- ",40.418319702148438,-122.28156280517578,SHASTA,UNINCORPORATED,-122.28168487548828,40.418304443359375
91587611,2021,2021-10-04,9135,2021-09-26,2115,018552,,7,2,5,4502,0,1,3,,1,302,"SR-273 N/B","WHITEHOUSE DR",253.00,N,N,A,-,Y,,,273,,,,,,N,Y,2,0,1,1,A,-,01,23152,A,N,F,A,A,A,H,-,B,D,0,,,,,Y,Y,A,01,1,0,0,0,0,0,0,0,0,"- ","- ",40.499191284179688,-122.37239074707031,SHASTA,REDDING,-122.37244415283203,40.499107360839844
9435911,2021,2022-04-26,4502,2021-07-12,1958,525,R02,1,5,5,4502,0,0,0,,0,002,"HILLTOP DR","MISTLETOE LN",122.00,S,N,A,-,N,,,,,,,,,,N,4,0,1,2,A,-,09,21804,A,N,A,C,A,A,H,-,A,A,0,,,,,Y,,A,01,0,0,1,0,0,0,0,0,0,"- ","- ",40.578449249267578,-122.35787200927734,SHASTA,REDDING,-122.35788726806641,40.578105926513672
9317495,2021,2021-09-02,4502,2021-01-14,1227,R526,R01,4,5,5,4502,0,0,0,,0,001,"OLD ALTURAS RD","CHURN CREEK RD",200.00,E,N,A,-,N,,,,,,,,,,N,4,0,1,2,A,-,08,22107,,N,E,C,A,A,H,-,A,D,0,,,Y,,Y,,A,01,0,0,1,0,0,0,0,0,1,"- ","- ",40.58843994140625,-122.35099029541016,SHASTA,REDDING,-122.35037994384766,40.588569641113281
9388186,2021,2022-01-11,4502,2021-04-22,1411,138,R05,4,5,5,4502,0,0,0,,0,005,"PLACER ST","MARKET ST",0.00,,Y,A,-,N,,,,,,,,,,N,3,0,2,3,A,-,10,21950,A,N,G,-,B,A,H,-,A,A,0,Y,,,,Y,,A,07,0,2,0,0,2,0,0,0,0,"- ","- ",40.582378387451172,-122.39002990722656,SHASTA,REDDING,-122.39000701904297,40.582386016845703
9439054,2021,2022-05-24,4502,2021-08-12,1349,540,,4,5,5,4502,0,0,0,,0,001,"HILLTOP DR","DANA DR",60.00,S,N,A,-,N,,,,,,,,,,Y,3,0,1,3,A,-,03,22350,,N,C,C,A,A,H,-,A,A,0,,,,,Y,,A,07,0,1,0,0,0,0,0,0,0,"- ","- ",40.586479187011719,-122.3580322265625,SHASTA,REDDING,-122.35800933837891,40.586315155029297
9448539,2021,2022-06-06,4502,2021-10-24,0958,529,R05,7,5,5,4502,0,0,0,,0,005,"BUENAVENTURA BL","PLACER ST",0.00,,Y,B,C,N,,,,,,,,,,Y,3,0,3,2,A,-,01,23152,A,N,D,C,A,B,H,-,A,A,0,,,,,Y,Y,A,01,0,2,1,0,0,0,0,0,0,"- ","- ",40.574260711669922,-122.41867828369141,SHASTA,REDDING,-122.41873168945312,40.574249267578125
9356680,2021,2021-11-17,4502,2021-03-03,1312,149,R06,3,5,5,4502,0,0,0,,0,006,"LOCUST ST","ATHENS AV",0.00,,Y,A,-,N,,,,,,,,,,Y,3,0,2,2,A,-,12,21453,A,N,D,C,A,A,H,-,A,A,0,,,,,Y,,A,07,0,2,0,0,0,0,0,0,0,"- ","- ",40.575069427490234,-122.37628173828125,SHASTA,REDDING,-122.37625885009766,40.575050354003906
9369129,2021,2021-12-09,4502,2021-03-22,1732,524,R06,1,5,5,4502,0,0,0,,0,006,"EAST ST PVT","SOUTH ST",11.00,N,N,A,-,N,,,,,,,,,,Y,3,0,1,3,A,-,09,21804,A,N,-,C,A,A,H,-,A,D,0,,,,,Y,,A,01,0,1,0,0,0,0,0,0,0,"- ","- ",40.581451416015625,-122.38651275634766,SHASTA,REDDING,-122.38592529296875,40.581638336181641
91390726,2021,2021-01-19,9135,2021-01-05,1055,015627,,2,1,9,4500,0,1,3,,2,605,SR-89,"BLACK ANGUS LN",6336.00,S,N,B,-,Y,,,89,,,,,,,Y,4,0,1,1,A,-,08,22107,,N,E,I,A,C,H,-,A,D,0,,,,,Y,,D,22,0,0,1,0,0,0,0,0,0,"- ","- ",40.737701416015625,-121.45937347412109,SHASTA,UNINCORPORATED,-121.45939636230469,40.737632751464844
91432079,2021,2021-03-22,9135,2021-03-18,1500,017956,,4,2,9,4500,0,3,5,,2,004,"AIRPORT ROAD","PRAIRIE LANE",44.00,N,N,B,C,N,,,,,,,,,,Y,4,0,3,3,A,-,03,22350,,N,C,C,A,B,H,-,A,A,0,,,,,Y,,A,07,0,0,3,0,0,0,0,0,0,"- ","- ",40.485500335693359,-122.29332733154297,SHASTA,UNINCORPORATED,-122.29331207275391,40.485450744628906
91641127,2021,2021-12-02,9135,2021-11-28,2240,019257,,7,3,5,4502,0,1,1,,2,054,"INTERSTATE 5","LOMA VISTA DRIVE O/C",1584.00,S,N,A,-,Y,,,,,,,,,,Y,4,0,1,2,A,-,01,23152,A,N,C,E,A,A,H,-,D,D,0,,,,,Y,Y,A,07,0,0,1,0,0,0,0,0,0,"- ","- ",40.324188232421875,-122.21124267578125,SHASTA,REDDING,-122.35331726074219,40.545013427734375
9296909,2021,2021-09-02,4502,2021-01-28,1312,R526,R03,4,5,5,4502,0,0,0,,0,003,"HARTNELL AV",CYPRESS,0.00,,Y,C,-,N,,,,,,,,,,Y,4,0,1,2,A,-,12,21453,A,N,D,C,A,B,H,-,A,A,0,,,,,Y,,D,22,0,0,1,0,0,0,0,0,0,"- ","- ",40.5712890625,-122.36961364746094,SHASTA,REDDING,-122.36958312988281,40.571262359619141
91461209,2021,2021-05-27,9135,2021-04-25,1535,018388,,7,2,9,4500,0,1,3,,2,402,SR-44,"AIRPORT WAY",600.00,E,N,D,-,Y,,,,,,,,,,Y,3,0,1,1,A,-,08,22107,,N,E,I,A,C,H,-,A,D,0,,,,,Y,,A,08,0,1,0,0,0,0,0,0,0,"- ","- ",40.515220642089844,-122.80986785888672,SHASTA,UNINCORPORATED,-121.81089782714844,40.514545440673828
91469039,2021,2021-05-27,9135,2021-05-01,1136,018133,,6,1,9,4500,0,1,3,,1,301,SR-299,"GRIZZLY GULCH RD",0.00,,Y,A,-,Y,,,299,,,,,,,Y,3,0,2,2,A,-,09,21801,A,N,D,C,A,A,H,-,A,D,0,,,,,Y,,A,07,0,2,0,0,0,0,0,0,0,"- ","- ",40.652370452880859,-122.59745788574219,SHASTA,UNINCORPORATED,-122.59745788574219,40.65240478515625
9388193,2021,2022-01-11,4502,2021-04-10,1157,525,R03,6,5,5,4502,0,0,0,,0,003,"VICTOR AV","HARTNELL AV",1034.00,S,N,A,-,N,,,,,,,,,,N,4,0,1,1,A,-,05,21650,,N,E,I,A,A,H,-,A,D,0,,,,,Y,,A,01,0,0,1,0,0,0,0,0,0,"- ","- ",40.563728332519531,-122.3394775390625,SHASTA,REDDING,-122.33931732177734,40.5609130859375
9338509,2021,2021-10-06,4502,2021-02-11,1342,537,R06,4,5,5,4502,0,0,0,,0,,"NORTH MARKET ST",ARBORETUM,68.00,N,N,C,-,Y,SHA,2,273,-,-,17.592,H,-,S,N,4,0,2,2,A,-,03,22350,,N,C,C,A,B,H,-,A,A,0,,,,,Y,,A,01,0,0,2,0,0,0,0,0,0,"- ","- ",40.596969604492188,-122.38648223876953,SHASTA,REDDING,-122.38688659667969,40.597003936767578
9513347,2021,2022-11-01,4502,2021-11-17,0852,118,R06,3,5,5,4502,0,0,0,,0,R06,"BUTTE ST","CONTINENTAL ST",340.00,E,N,A,-,N,,,,,,,,,,Y,4,0,1,2,A,-,09,21803,A,N,D,C,A,A,H,-,A,A,0,,,,,Y,,A,01,0,0,1,0,0,0,0,0,0,"- ","- ",40.585609436035156,-122.38484191894531,SHASTA,REDDING,-122.38445281982422,40.5859375
9353259,2021,2021-11-10,4501,2021-10-04,1618,228,A02,1,5,2,4501,0,0,0,,0,CITY,"FACTORY OUTLETS DR","DESCHUTES RD",0.00,,Y,A,-,N,,,,,,,,,,N,3,0,2,2,A,-,09,21800,A,F,D,C,A,A,H,-,A,A,0,,,,,Y,,D,22,0,2,0,0,0,0,0,0,0,"- ","- ",,,SHASTA,ANDERSON,-122.2877197265625,40.4373779296875
9378466,2021,2021-12-09,4501,2021-11-04,2021,207,A01,4,5,2,4501,0,0,0,,0,A01,"RT 273","BRUCE ST",0.00,,Y,A,-,Y,SHA,2,273,-,-,5.060,H,-,S,N,2,0,1,2,A,-,05,21650,,F,A,C,A,A,H,-,D,D,0,,,Y,,Y,,C,03,1,0,0,0,0,0,0,0,1,"- ","- ",40.444759368896484,-122.29575347900391,SHASTA,ANDERSON,-122.296875,40.446456909179688
91446018,2021,2021-04-08,9135,2021-04-03,2000,019680,,6,2,9,4500,0,1,3,,2,602,"MOUNTAIN VIEW RD","HUDSON ST",110.00,E,N,A,-,N,,,,,,,,,,N,2,0,1,2,A,-,11,21956,,F,G,B,E,A,H,-,C,D,0,Y,,,,Y,,-,99,1,0,0,0,1,0,0,0,0,"- ","- ",41.568470001220703,-121.45870971679688,SHASTA,UNINCORPORATED,-121.66128540039062,40.882671356201172
91592937,2021,2021-10-11,9135,2021-09-28,2340,018174,,2,3,9,4500,0,1,1,,2,056,"I-5 S/B","STATTON RD",4224.00,N,N,A,-,Y,,,5,,,,,,S,N,2,0,1,2,A,-,11,21956,A,N,G,B,E,A,H,-,D,D,0,Y,,,,Y,,N,60,1,0,0,0,1,0,0,0,0,"- ","- ",40.860038757324219,-122.34931182861328,SHASTA,UNINCORPORATED,-122.34931945800781,40.860027313232422
91628756,2021,2021-11-18,9135,2021-11-16,1415,019257,,2,2,9,4500,0,3,5,,2,003,"CLOVERDALE ROAD","DALE LANE",10.00,E,N,A,-,N,,,,,,,,,,N,3,0,1,1,C,-,18,,,N,E,H,A,A,H,-,A,A,0,,,Y,,Y,,-,"- ",0,1,0,0,0,0,0,0,1,"- ","- ",40.282489776611328,-122.28587341308594,SHASTA,UNINCORPORATED,-122.48298645019531,40.473522186279297
91636901,2021,2021-11-29,9135,2021-11-07,1100,018777,,7,1,9,4500,0,1,3,,2,604,SR-44,"U.S. FOREST SERVICE ROAD 31N94",204.00,E,N,B,-,Y,,,44,,,,,,,Y,2,0,1,1,A,-,08,22107,,N,E,I,A,C,H,-,A,D,0,,,,,Y,,E,22,1,0,0,0,0,0,0,0,0,"- ","- ",40.567508697509766,-121.57399749755859,SHASTA,UNINCORPORATED,-121.57405090332031,40.567527770996094
91652694,2021,2022-01-06,9135,2021-12-01,1733,019710,,3,2,9,4500,0,3,5,,2,003,"GAS POINT ROAD","FRANCIS STREET",265.00,E,N,A,-,N,,,,,,,,,,N,1,1,0,2,A,-,11,21954,A,N,G,C,D,A,H,-,D,D,0,Y,,,,Y,,N,60,0,0,0,1,0,0,0,0,0,"- ","- ",40.389301300048828,-122.31362915039062,SHASTA,UNINCORPORATED,-122.31365966796875,40.389259338378906
8799833,2021,2022-11-03,4502,2021-12-14,2020,158,R05,2,5,5,4502,0,0,0,,0,005,"SOUTH ST","RAILROAD TRACKS",0.00,,Y,A,-,N,,,,,,,,,,Y,2,0,1,2,A,-,12,22451,B,N,D,F,A,A,H,-,C,A,0,,,,,Y,,A,01,1,0,0,0,0,0,0,0,0,"- ","- ",40.580059051513672,-122.39241790771484,SHASTA,REDDING,-122.39242553710938,40.580047607421875
91384477,2021,2021-01-08,9146,2021-01-01,1000,015873,,5,1,9,4500,0,1,1,,2,014,"I-5 N/B","GIBSON RD.",4224.00,N,N,B,-,Y,,,,,,,,,,Y,4,0,1,1,A,-,08,22107,,N,E,I,A,A,H,-,A,D,0,,,,,Y,,A,01,0,0,1,0,0,0,0,0,0,"- ","- ",,,SHASTA,UNINCORPORATED,-122.40534973144531,41.015983581542969
91384652,2021,2021-01-11,9135,2021-01-02,1520,017428,,6,2,9,4500,0,3,5,,2,001,"KESWICK DAM RD","BAKER RD.",108.00,N,N,B,C,N,,,,,,,,,,Y,3,0,1,1,A,-,01,23152,A,N,E,I,A,B,H,-,A,D,0,,,,,Y,Y,D,22,0,1,0,0,0,0,0,0,0,"- ","- ",40.615699768066406,-122.42970275878906,SHASTA,UNINCORPORATED,-122.42987823486328,40.615932464599609
91384654,2021,2021-01-11,9135,2021-01-09,0825,018777,,6,1,9,4500,0,1,3,,2,601,SR-299,"BUNCH GRASS LOOKOUT RD",415.00,E,N,B,-,Y,,,,,,,,,,N,2,0,1,1,A,-,08,22107,,N,E,I,A,C,H,-,A,D,0,,,,,Y,,A,07,1,0,0,0,0,0,0,0,0,"- ","- ",40.852428436279297,-121.75341796875,SHASTA,UNINCORPORATED,-121.76109313964844,40.852325439453125
91385119,2021,2021-06-08,9135,2021-01-09,1200,018552,,6,1,9,4500,0,3,5,,2,003,"PLATINA RD","RAINBOW LAKE RD",89760.00,W,N,A,-,N,,,,,,,,,,N,4,0,1,1,A,-,08,22107,,N,E,I,A,A,H,-,A,D,0,,,Y,,Y,,C,02,0,0,1,0,0,0,0,0,1,"- ","- ",40.3779296875,-122.85041046142578,SHASTA,UNINCORPORATED,-122.84449768066406,40.37872314453125
91387470,2021,2021-01-14,9135,2021-01-06,0530,015627,,3,3,9,4500,0,1,3,,2,601,SR-299,"BUFFUM RD",2.00,E,N,B,-,Y,,,299,,,,,,,Y,4,0,1,1,A,-,08,22107,,N,E,I,A,B,H,-,D,D,0,,,,,Y,,A,01,0,0,1,0,0,0,0,0,0,"- ","- ",40.870098114013672,-121.85736846923828,SHASTA,UNINCORPORATED,-121.85738372802734,40.870075225830078
91387477,2021,2021-01-14,9135,2021-01-07,0210,018777,,4,3,9,4500,0,1,3,,1,606,SR-89,"MCARTHUR RD",7392.00,S,N,B,-,Y,,,89,,,,,,,Y,3,0,1,1,A,-,08,22107,,N,E,I,A,C,H,-,D,D,0,,,,Y,Y,,G,27,0,1,0,0,0,0,0,0,0,"- ","- ",41.109779357910156,-121.63986968994141,SHASTA,UNINCORPORATED,-121.63992309570312,41.109806060791016
91390797,2021,2021-01-19,9135,2021-01-15,2145,020361,,5,2,9,4500,0,3,5,,2,004,"KNIGHTON ROAD","CHURN CREEK RD",21.00,E,N,B,-,N,,,,,,,,,,Y,4,0,2,2,A,-,03,22350,,N,C,C,A,A,H,-,D,A,0,,,,,Y,,A,01,0,0,2,0,0,0,0,0,0,"- ","- ",40.505699157714844,-122.33342742919922,SHASTA,UNINCORPORATED,-122.33355712890625,40.505653381347656
91392123,2021,2021-01-21,9135,2021-01-20,2235,016960,,3,3,9,4500,0,1,3,,1,201,"STATE ROUTE 299","WOODMAN LANE",0.00,,N,A,-,Y,,,299,,,,,,,Y,3,0,1,1,A,-,08,22107,,N,E,I,A,A,H,-,D,A,0,,,,,Y,,A,07,0,1,0,0,0,0,0,0,0,"- ","- ",40.674720764160156,-122.16844177246094,SHASTA,UNINCORPORATED,-122.1683349609375,40.674610137939453
91401959,2021,2021-02-03,9135,2021-01-19,1344,018890,,2,1,5,4502,0,1,3,,2,040,"SR-44 W/B TO SUNDIAL BRIDGE DRIVE","SUNDIAL BRIDGE DRIVE",210.00,E,N,A,G,Y,,,44,,,,R,,W,Y,2,0,1,2,C,-,18,,,N,C,C,A,A,H,-,A,D,0,,,,,Y,Y,-,"- ",1,0,0,0,0,0,0,0,0,"- ","- ",40.587009429931641,-122.37760162353516,SHASTA,REDDING,-122.37760162353516,40.587009429931641
91403793,2021,2021-02-08,9135,2021-02-02,0555,016424,,2,3,9,4500,0,3,5,,2,002,"DESCHUTES ROAD","OLD 44 DRIVE",300.00,N,N,B,C,N,,,,,,,,,,Y,4,0,1,2,A,-,00,22017,,N,E,I,A,B,H,-,D,D,0,,,,,Y,,A,01,0,0,1,0,0,0,0,0,0,"- ","- ",40.564689636230469,-122.23854064941406,SHASTA,UNINCORPORATED,-122.23866271972656,40.564624786376953
91405966,2021,2021-02-10,9146,2021-02-03,0440,017958,,3,3,9,4500,0,1,1,,2,013,"INTERSTATE 5 (S/B)","FLUME CREEK ROAD",600.00,N,N,B,-,Y,,,5,,,,,,,Y,4,0,2,1,A,-,03,22350,,N,E,I,A,A,H,-,D,D,0,,,,,Y,,A,01,0,0,2,0,0,0,0,0,0,"- ","- ",41.099689483642578,-122.3438720703125,SHASTA,UNINCORPORATED,-122.34382629394531,41.099639892578125
91405985,2021,2021-02-10,9146,2021-02-06,2340,020811,,6,3,9,4500,0,1,1,,2,013,"I-5 N/B","SODA CREEK RD.",1200.00,N,N,A,-,Y,,,5,,,,,,N,N,4,0,1,1,C,-,18,,,N,H,H,A,A,H,-,D,D,0,,,,,Y,,-,"- ",0,0,1,0,0,0,0,0,0,"- ","- ",41.165760040283203,-122.29763793945312,SHASTA,UNINCORPORATED,-122.29763031005859,41.165760040283203
91406680,2021,2021-02-11,9135,2021-01-29,2343,017428,,5,3,9,4500,0,3,5,,2,004,"OLD 44 DR.","VIA LINDA DR.",528.00,W,N,A,-,N,,,,,,,,,,Y,2,0,1,1,A,-,01,23152,A,N,F,A,A,A,H,-,D,D,0,,,,,Y,Y,D,22,1,0,0,0,0,0,0,0,0,"- ","- ",40.563751220703125,-122.24822998046875,SHASTA,UNINCORPORATED,-122.24765014648438,40.563972473144531
91407082,2021,2021-02-11,9135,2021-02-04,0625,018777,,4,1,9,4500,0,1,3,,2,603,SR-299,"LEWIS RD",60.00,W,N,A,-,Y,,,299,,,,,,,Y,2,0,1,1,A,-,08,22107,,N,E,I,A,A,H,-,D,D,0,,,,,Y,,A,01,1,0,0,0,0,0,0,0,0,"- ","- ",41.054370880126953,-121.3895263671875,SHASTA,UNINCORPORATED,-121.38948822021484,41.054302215576172
91407120,2021,2021-02-11,9135,2021-02-05,0735,014425,,5,1,9,4500,0,3,5,,2,004,"AIRPORT ROAD","CHARLANNE DRIVE",0.00,,Y,A,-,N,,,,,,,,,,Y,4,0,1,2,A,-,09,21801,A,N,A,C,A,A,H,-,A,D,0,,,,,Y,,A,01,0,0,1,0,0,0,0,0,0,"- ","- ",40.544399261474609,-122.3028564453125,SHASTA,UNINCORPORATED,-122.30284881591797,40.544380187988281