CASE_ID,ACCIDENT_YEAR,PROC_DATE,JURIS,COLLISION_DATE,COLLISION_TIME,OFFICER_ID,REPORTING_DISTRICT,DAY_OF_WEEK,CHP_SHIFT,POPULATION,CNTY_CITY_LOC,SPECIAL_COND,BEAT_TYPE,CHP_BEAT_TYPE,CITY_DIVISION_LAPD,CHP_BEAT_CLASS,BEAT_NUMBER,PRIMARY_RD,SECONDARY_RD,DISTANCE,DIRECTION,INTERSECTION,WEATHER_1,WEATHER_2,STATE_HWY_IND,CALTRANS_COUNTY,CALTRANS_DISTRICT,STATE_ROUTE,ROUTE_SUFFIX,POSTMILE_PREFIX,POSTMILE,LOCATION_TYPE,RAMP_INTERSECTION,SIDE_OF_HWY,TOW_AWAY,COLLISION_SEVERITY,NUMBER_KILLED,NUMBER_INJURED,PARTY_COUNT,PRIMARY_COLL_FACTOR,PCF_CODE_OF_VIOL,PCF_VIOL_CATEGORY,PCF_VIOLATION,PCF_VIOL_SUBSECTION,HIT_AND_RUN,TYPE_OF_COLLISION,MVIW,PED_ACTION,ROAD_SURFACE,ROAD_COND_1,ROAD_COND_2,LIGHTING,CONTROL_DEVICE,CHP_ROAD_TYPE,PEDESTRIAN_ACCIDENT,BICYCLE_ACCIDENT,MOTORCYCLE_ACCIDENT,TRUCK_ACCIDENT,NOT_PRIVATE_PROPERTY,ALCOHOL_INVOLVED,STWD_VEHTYPE_AT_FAULT,CHP_VEHTYPE_AT_FAULT,COUNT_SEVERE_INJ,COUNT_VISIBLE_INJ,COUNT_COMPLAINT_PAIN,COUNT_PED_KILLED,COUNT_PED_INJURED,COUNT_BICYCLIST_KILLED,COUNT_BICYCLIST_INJURED,COUNT_MC_KILLED,COUNT_MC_INJURED,PRIMARY_RAMP,SECONDARY_RAMP,LATITUDE,LONGITUDE,COUNTY,CITY,POINT_X,POINT_Y
91409974,2021,2021-02-17,9135,2021-02-14,2021,018829,,7,2,9,4500,0,1,1,,2,056,"I-5 S/B","OLD OREGON TRAIL OC",450.00,N,N,B,C,Y,,,5,,,,,,S,Y,4,0,1,2,A,-,01,23152,A,N,C,C,A,B,H,-,D,D,0,,,,,Y,Y,A,01,0,0,1,0,0,0,0,0,0,"- ","- ",40.706558227539062,-122.33685302734375,SHASTA,UNINCORPORATED,-122.33684539794922,40.706558227539062
91411689,2021,2021-02-19,9146,2021-02-17,1400,020514,,3,2,9,4500,0,1,1,,2,013,"I-5 S/B","FLUME CREEK RD",700.00,N,N,A,-,Y,,,5,,,,,,S,Y,3,0,1,1,A,-,08,22107,,N,E,I,A,A,H,-,A,D,0,,,,,Y,,A,01,0,1,0,0,0,0,0,0,0,"- ","- ",41.099288940429688,-122.34422302246094,SHASTA,UNINCORPORATED,-122.34419250488281,41.099269866943359
91411990,2021,2021-02-19,9135,2021-02-18,1410,019680,,4,2,9,4500,0,1,3,,1,606,"STATE HIGHWAY 89","LAKE BRITTON BRIDGE",1003.00,S,N,D,-,Y,,,,,,,,,,Y,3,0,1,2,A,-,03,22350,,N,D,C,A,C,H,-,A,D,0,,,,Y,Y,,A,01,0,1,0,0,0,0,0,0,0,"- ","- ",,,SHASTA,UNINCORPORATED,-121.62137603759766,41.018474578857422
91413086,2021,2021-02-22,9135,2021-02-10,1910,017698,,3,2,9,4500,0,3,5,,2,003,"GAS POINT ROAD","MARSHA WAY",62.00,N,N,A,-,N,,,,,,,,,,Y,2,0,2,2,A,-,01,23152,A,N,A,C,A,A,H,-,D,D,0,,,Y,,Y,Y,A,07,2,0,0,0,0,0,0,0,2,"- ","- ",40.467800140380859,-122.54135894775391,SHASTA,UNINCORPORATED,-122.54129791259766,40.467796325683594
91414401,2021,2021-02-24,9135,2021-02-18,1235,018777,,4,1,9,4500,0,1,3,,1,606,SR-89,"CAYTON VALLEY RD",13728.00,N,N,D,-,Y,,,89,,,,,,,Y,3,0,1,2,A,-,08,22107,,N,C,E,A,C,H,-,A,D,0,,,,Y,Y,,A,01,0,1,0,0,0,0,0,0,0,"- ","- ",41.053428649902344,-121.63941192626953,SHASTA,UNINCORPORATED,-121.63994598388672,41.052921295166016
91414617,2021,2021-02-24,9135,2021-02-13,1930,019111,,6,2,9,4500,0,3,5,,2,003,"KNIGHTON RD","DANISH LN",25.00,W,N,B,-,N,,,,,,,,,,Y,3,0,1,1,A,-,01,23152,A,M,E,I,A,A,H,-,C,D,0,,,,,Y,Y,A,07,0,1,0,0,0,0,0,0,0,"- ","- ",40.505531311035156,-122.34358215332031,SHASTA,UNINCORPORATED,-122.34355163574219,40.505561828613281
91416863,2021,2021-02-26,9135,2021-02-18,2238,017428,,4,3,9,4500,0,1,3,,1,201,SR-299,"KAWLIGA LN",395.00,W,N,B,C,Y,,,299,,,,,,,Y,2,0,2,1,A,-,08,22107,,N,E,I,A,B,H,-,D,D,0,,,,,Y,,D,22,1,0,1,0,0,0,0,0,0,"- ","- ",40.639720916748047,-122.23412322998047,SHASTA,UNINCORPORATED,-122.23414611816406,40.639789581298828
91417988,2021,2021-03-01,9135,2021-02-23,0430,018388,,2,3,9,4500,0,3,5,,2,002,"WHITMORE RD",BOSWORTH,65.00,W,N,A,-,N,,,,,,,,,,Y,3,0,1,1,A,-,08,22107,,N,E,I,A,A,H,-,D,D,0,,,,,Y,,A,07,0,1,0,0,0,0,0,0,0,"- ","- ",40.617351531982422,-121.93219757080078,SHASTA,UNINCORPORATED,-121.93228149414062,40.617412567138672
91418060,2021,2021-03-01,9135,2021-03-01,0815,014425,,1,1,5,4502,0,1,1,,2,054,"I-5 S/B","SMITH ROAD",5280.00,S,N,A,-,Y,,,,,,,,,,Y,4,0,1,2,A,-,07,21658,A,N,B,C,A,A,H,-,A,D,0,,,,,Y,,-,"- ",0,0,1,0,0,0,0,0,0,"- ","- ",40.514499664306641,-122.34380340576172,SHASTA,REDDING,-122.34496307373047,40.518589019775391
91418076,2021,2021-03-01,9135,2021-02-23,1902,018866,,2,2,9,4500,0,1,3,,2,605,SR-89,SR-299,5280.00,S,N,A,-,Y,,,,,,,,,,Y,3,0,2,1,C,-,18,,,N,E,H,A,A,H,-,D,D,0,,,,,Y,,-,"- ",0,2,0,0,0,0,0,0,0,"- ","- ",40.692790985107422,-121.38375091552734,SHASTA,UNINCORPORATED,-121.5986328125,40.925029754638672
91422209,2021,2021-05-14,9135,2021-03-02,1350,019257,,2,1,9,4500,0,1,3,,1,401,"STATE ROUTE 44","MILLVILLE PLAINS ROAD",2006.00,E,N,A,-,Y,,,,,,,,,,Y,4,0,1,1,A,-,08,22107,,N,E,J,A,A,H,-,A,D,0,,,,,Y,,D,22,0,0,1,0,0,0,0,0,0,"- ","- ",40.321861267089844,-122.10079193115234,SHASTA,UNINCORPORATED,-122.16703796386719,40.538448333740234
91422237,2021,2021-03-08,9135,2021-03-04,2500,16461,,4,4,9,4500,0,3,5,,2,001,"O'BRIEN RD","I-5 S/B",3168.00,W,N,A,-,N,,,,,,,,,,Y,2,0,1,1,A,-,08,22107,,N,E,I,A,A,H,-,D,D,0,,,,,Y,,A,01,1,0,0,0,0,0,0,0,0,"- ","- ",40.814670562744141,-122.32829284667969,SHASTA,UNINCORPORATED,,
91425659,2021,2021-03-12,9135,2021-03-09,1835,018133,,2,2,2,4580,0,1,1,,2,055,"I-5 NB TO SR-151",SR-151,1320.00,S,N,B,C,Y,,,5,,,,R,,N,Y,3,0,3,1,A,-,03,22350,,N,F,A,A,C,H,-,D,D,0,,,,,Y,,A,01,0,3,0,0,0,0,0,0,0,"- ","- ",40.675540924072266,-122.34954071044922,SHASTA,"SHASTA LAKE",-122.34954071044922,40.675540924072266
91425663,2021,2021-03-12,9135,2021-03-10,1230,016672,,3,1,9,4500,0,1,3,,2,402,"STATE ROUTE 44","WATERLEAF LANE",528.00,W,N,D,-,Y,,,,,,,,,,Y,4,0,1,1,A,-,08,22107,,N,E,I,A,C,H,-,A,D,0,,,,,Y,,A,07,0,0,1,0,0,0,0,0,0,"- ","- ",,,SHASTA,UNINCORPORATED,-121.91860198974609,40.498439788818359
91426885,2021,2021-03-15,9135,2021-03-09,2145,016960,,2,2,9,4500,0,1,3,,2,040,"STATE ROUTE 44","STILLWATER ROAD",75.00,E,N,B,C,Y,,,44,,,,,,,Y,3,0,1,1,A,-,08,22107,,N,E,I,A,B,H,-,D,A,0,,,,,Y,,D,22,0,1,0,0,0,0,0,0,0,"- ","- ",40.559520721435547,-122.27632904052734,SHASTA,UNINCORPORATED,-122.27632141113281,40.559425354003906
91426929,2021,2021-03-15,9135,2021-03-13,1400,019101,,6,2,9,4500,0,3,5,,2,003,"ARCHER RD","SOUTH FORK RD",0.00,,Y,A,-,N,,,,,,,,,,N,2,0,1,1,A,-,01,23152,A,F,E,I,A,A,H,-,A,D,0,,,,,Y,Y,A,01,1,0,0,0,0,0,0,0,0,"- ","- ",40.50115966796875,-122.57170104980469,SHASTA,UNINCORPORATED,-122.57167816162109,40.501243591308594
91430160,2021,2021-03-18,9135,2021-03-12,0725,018890,,5,1,9,4500,0,3,5,,2,004,"DESCHUTES RD","BALLS FERRY RD",0.00,,Y,A,-,N,,,,,,,,,,Y,3,0,2,2,A,-,09,21802,A,N,D,C,A,A,H,-,A,A,0,,,,,Y,,D,22,0,2,0,0,0,0,0,0,0,"- ","- ",40.448371887207031,-122.25684356689453,SHASTA,UNINCORPORATED,-122.25843048095703,40.447116851806641
91431025,2021,2021-03-19,9135,2021-03-16,1435,018133,,2,2,9,4500,0,3,5,,2,001,"PRIVATE PROPERTY","SHALE LANE",1584.00,N,N,A,-,N,,,,,,,,,,N,4,0,3,2,B,-,22,,,N,D,C,A,A,H,-,A,D,0,,,,,Y,,A,01,0,0,3,0,0,0,0,0,0,"- ","- ",40.864910125732422,-122.39575958251953,SHASTA,UNINCORPORATED,,
91431958,2021,2021-03-22,9135,2021-03-13,1425,017956,,6,2,2,4580,0,1,1,,2,055,"I-5 S/B","OLD OREGON TRL",5808.00,S,N,A,-,Y,,,5,,,,,,S,Y,2,0,1,1,A,-,01,23152,A,N,E,I,A,A,H,-,A,A,0,,,,,Y,Y,A,01,1,0,0,0,0,0,0,0,0,"- ","- ",40.688800811767578,-122.34590148925781,SHASTA,"SHASTA LAKE",-122.34597015380859,40.688819885253906
91431974,2021,2021-03-22,9135,2021-03-14,1435,019030,,7,2,5,4502,0,1,1,,2,056,"I-5 S/B","RIVERVIEW DR",2640.00,S,N,B,C,Y,,,,,,,,,,N,3,0,1,1,A,-,08,22107,,N,E,I,A,B,H,-,A,D,0,,,,,Y,,A,07,0,1,0,0,0,0,0,0,0,"- ","- ",40.905990600585938,-122.38442230224609,SHASTA,REDDING,-122.38506317138672,40.909088134765625
91431988,2021,2021-03-22,9135,2021-03-15,1820,019257,,1,2,9,4500,0,1,3,,2,040,"OLD 44 DRIVE","JOHNNY PLACE",343.00,W,N,A,-,N,,,,,,,,,,Y,4,0,1,1,A,-,01,23152,A,N,E,I,A,A,H,-,A,D,0,,,,,Y,Y,A,01,0,0,1,0,0,0,0,0,0,"- ","- ",40.334190368652344,-122.16488647460938,SHASTA,UNINCORPORATED,,
91432108,2021,2021-03-22,9135,2021-03-20,1210,017855,,6,1,9,4500,0,1,1,,2,053,"I-5 S/B","BOWMAN ROAD",3168.00,N,N,A,-,Y,,,5,,,,,,S,N,4,0,2,2,A,-,03,22350,,N,C,C,A,A,H,-,A,D,0,,,,,Y,,A,01,0,0,2,0,0,0,0,0,0,"- ","- ",40.377391815185547,-122.28475952148438,SHASTA,UNINCORPORATED,-122.28473663330078,40.377391815185547
91434980,2021,2021-03-25,9135,2021-03-24,1420,019101,,3,2,2,4501,0,1,1,,2,053,"I-5 N/B FROM RIVERSIDE AVE.","RIVERSIDE AVE",100.00,S,N,A,-,Y,,,5,,,,R,,N,Y,4,0,1,2,A,-,03,22350,,N,D,C,A,A,H,-,A,D,0,,,,,Y,,A,01,0,0,1,0,0,0,0,0,0,"- ","- ",40.46826171875,-122.307373046875,SHASTA,ANDERSON,-122.307373046875,40.46826171875
91438545,2021,2021-03-29,9135,2021-03-18,1650,017956,,4,2,9,4500,0,3,5,,2,004,"CHURN CREEK ROAD","LARIAT DRIVE",528.00,N,N,B,-,N,,,,,,,,,,Y,2,0,1,1,A,-,08,22107,,N,E,I,A,B,H,-,A,A,0,,,,,Y,,D,22,1,0,0,0,0,0,0,0,0,"- ","- ",40.533931732177734,-122.33380126953125,SHASTA,UNINCORPORATED,-122.33396148681641,40.533897399902344
91438596,2021,2021-03-29,9135,2021-03-23,1655,019030,,2,2,9,4500,0,1,3,,2,402,SR-44,"VISTA LA VEGA",6.00,W,N,A,-,Y,,,44,,,,,,,Y,4,0,2,1,A,-,08,22107,,N,E,I,A,A,H,-,A,D,0,,,,,Y,,A,01,0,0,2,0,0,0,0,0,0,"- ","- ",40.498420715332031,-121.97444915771484,SHASTA,UNINCORPORATED,-121.97447967529297,40.498538970947266
91440891,2021,2021-04-01,9135,2021-03-25,0530,018777,,4,3,9,4500,0,1,3,,1,606,SR-89,"CLARK CREEK RD",2640.00,N,N,A,-,Y,,,89,,,,,,,Y,3,0,1,1,A,-,08,22107,,N,E,I,A,A,H,-,D,D,0,,,,Y,Y,,G,27,0,1,0,0,0,0,0,0,0,"- ","- ",41.005001068115234,-121.63272094726562,SHASTA,UNINCORPORATED,-121.63278198242188,41.004966735839844
91441681,2021,2021-04-02,9135,2021-03-30,1102,018866,,2,1,9,4500,0,1,3,,2,601,SR-299,"MOOSE CAMP RD",1056.00,W,N,A,-,Y,,,299,,,,,,,Y,3,0,1,2,A,-,17,23114,A,F,E,J,A,A,H,-,A,D,0,,,,,Y,,D,22,0,1,0,0,0,0,0,0,0,"- ","- ",40.867328643798828,-121.85418701171875,SHASTA,UNINCORPORATED,-121.85417175292969,40.867355346679688
91443152,2021,2021-04-05,9135,2021-04-01,2203,018552,,4,3,9,4500,0,3,5,,2,003,"6596 RIVERLAND DRIVE","RIVERLAND DRIVE",847.00,S,N,A,-,N,,,,,,,,,,Y,2,0,1,1,A,-,01,23152,A,N,E,I,A,A,H,-,C,D,0,,,,,Y,Y,A,01,1,0,0,0,0,0,0,0,0,"- ","- ",40.477588653564453,-122.31735229492188,SHASTA,UNINCORPORATED,,
91445264,2021,2021-04-07,9135,2021-04-06,1410,018133,,2,2,9,4500,0,1,3,,1,201,SR-299,"OAK RUN RD.",1320.00,W,N,A,-,Y,,,299,,,,,,,Y,3,0,1,1,A,-,03,22350,,N,E,I,A,A,H,-,A,D,0,,,,,Y,,D,22,0,1,0,0,0,0,0,0,0,"- ","- ",40.754940032958984,-122.02973937988281,SHASTA,UNINCORPORATED,-122.02978515625,40.755001068115234
91446156,2021,2021-04-08,9135,2021-03-17,0414,016960,,3,3,9,4500,0,1,1,,2,053,"INTERSTATE 5 SOUTHBOUND","KNIGHTON ROAD",7920.00,S,N,A,-,Y,,,5,,,,,,S,Y,1,2,0,1,A,-,08,22107,,N,E,I,A,A,H,-,D,D,0,,,,,Y,,A,01,0,0,0,0,0,0,0,0,0,"- ","- ",40.485298156738281,-122.32459259033203,SHASTA,UNINCORPORATED,-122.32447052001953,40.485416412353516
91448071,2021,2021-04-12,9135,2021-04-06,1035,018777,,2,1,9,4500,0,1,3,,2,601,SR-44,SR-89,2940.00,W,N,A,-,Y,,,44,,,,,,,Y,3,0,1,1,A,-,08,22107,,N,E,I,A,A,H,-,A,D,0,,,,,Y,,A,01,0,1,0,0,0,0,0,0,0,"- ","- ",40.675010681152344,-121.43485260009766,SHASTA,UNINCORPORATED,-121.43486022949219,40.674942016601562
91450203,2021,2021-04-14,9135,2021-04-11,0157,018174,,7,3,5,4502,0,1,3,,2,020,"SR-299 W/B","CHURN CREEK RD",1848.00,E,N,A,-,Y,,,299,,,,,,W,Y,2,0,2,1,A,-,08,22107,,N,E,I,A,A,H,-,D,D,0,,,,,Y,,A,08,2,0,0,0,0,0,0,0,0,"- ","- ",40.616130828857422,-122.34284210205078,SHASTA,REDDING,-122.34282684326172,40.616065979003906
91451142,2021,2021-04-15,9135,2021-04-10,1810,019257,,6,2,9,4500,0,1,3,,2,402,"STATE ROUTE 44","RICHARDS LANE",1109.00,E,N,A,-,Y,,,,,,,,,,Y,4,0,1,1,A,-,08,22107,,N,E,I,A,A,H,-,A,D,0,,,,,Y,,A,01,0,0,1,0,0,0,0,0,0,"- ","- ",40.312938690185547,-121.47273254394531,SHASTA,UNINCORPORATED,-121.78414916992188,40.517478942871094
91451187,2021,2021-04-15,9135,2021-04-13,1618,018388,,2,2,9,4500,0,1,1,,2,054,"I-5 S/B TO CYPRESS AVE.","CYPRESS AVE",500.00,N,N,A,-,Y,,,,,,,,,,Y,4,0,1,2,A,-,03,22350,,N,C,C,A,A,H,-,A,D,0,,,,,Y,,D,22,0,0,1,0,0,0,0,0,0,"- ","- ",40.573501586914062,-122.36087036132812,SHASTA,UNINCORPORATED,-122.36063385009766,40.572422027587891
91452066,2021,2021-04-16,9135,2021-04-02,0648,017428,,5,1,9,4500,0,1,1,,2,054,"I-5 N/B","KNIGHTON RD",2640.00,N,N,A,-,Y,,,5,,,,,,N,Y,4,0,1,1,A,-,08,22107,,N,E,I,A,A,H,-,B,D,0,,,,,Y,,A,01,0,0,1,0,0,0,0,0,0,"- ","- ",40.512798309326172,-122.34261322021484,SHASTA,UNINCORPORATED,-122.34256744384766,40.512825012207031
91452105,2021,2021-04-16,9135,2021-04-11,0030,016960,,7,3,9,4500,0,3,5,,2,002,"BOYLE ROAD","BELLA CEDRO LANE",150.00,E,N,A,-,N,,,,,,,,,,Y,2,0,1,1,A,-,01,23152,A,N,E,I,A,A,H,-,D,D,0,,,,,Y,Y,A,01,1,0,0,0,0,0,0,0,0,"- ","- ",40.591499328613281,-122.27590179443359,SHASTA,UNINCORPORATED,,
91452363,2021,2021-04-16,9146,2021-04-08,0932,015588,,4,1,9,4500,0,1,1,,2,013,"I 5 N/B (GOLDEN STATE FREEWAY)","FLUME CREEK RD.",3168.00,S,N,A,-,Y,,,,,,,,,,Y,4,0,1,1,A,-,08,22107,,N,E,I,A,A,H,-,A,D,0,,,,Y,Y,,G,25,0,0,1,0,0,0,0,0,0,"- ","- ",,,SHASTA,UNINCORPORATED,-122.34577178955078,41.0955810546875
91452589,2021,2021-04-19,9135,2021-04-10,1745,018829,,6,2,9,4500,0,3,5,,2,002,"14858 LAMOINE CT","LAMOINE COURT",145.00,W,N,A,-,N,,,,,,,,,,N,4,0,1,1,A,-,01,23152,A,N,F,A,A,A,H,-,A,D,0,,,Y,,Y,Y,C,02,0,0,1,0,0,0,0,0,1,"- ","- ",40.719669342041016,-122.23693084716797,SHASTA,UNINCORPORATED,-122.23676300048828,40.719142913818359
91457911,2021,2021-04-26,9146,2021-04-18,0545,018347,,7,3,9,4500,0,1,1,,2,013,"I-5 N/B","CONANT ROAD U/C",1056.00,N,N,A,-,Y,,,5,,,,,,N,Y,3,0,1,1,A,-,08,22107,,N,E,I,A,A,H,-,B,D,0,,,,Y,Y,,G,25,0,1,0,0,0,0,0,0,0,"- ","- ",41.110370635986328,-122.32695770263672,SHASTA,UNINCORPORATED,-122.32698059082031,41.110393524169922
91458353,2021,2021-04-26,9135,2021-04-13,1607,018829,,2,2,9,4500,0,1,3,,1,201,SR-299,"REBECCA LANE",400.00,W,N,B,-,Y,,,299,,,,,,,Y,4,0,1,1,A,-,08,22107,,M,E,I,A,A,H,-,A,D,0,,,,,Y,,A,01,0,0,1,0,0,0,0,0,0,"- ","- ",40.631198883056641,-122.27102661132812,SHASTA,UNINCORPORATED,-122.27098846435547,40.631015777587891
91458359,2021,2021-04-26,9135,2021-04-12,1533,017698,,1,2,9,4500,0,1,1,,2,053,"I-5 N/B","RIVERSIDE AVENUE",1584.00,N,N,A,-,Y,,,5,,,,,,N,Y,3,0,1,3,A,-,03,22350,,N,C,C,A,A,H,-,A,D,0,,,,,Y,,D,22,0,1,0,0,0,0,0,0,0,"- ","- ",40.472530364990234,-122.31134033203125,SHASTA,UNINCORPORATED,-122.31141662597656,40.472454071044922
91459403,2021,2021-09-08,9135,2021-03-11,1740,019680,,4,2,9,4500,0,1,3,,2,604,"STATE ROUTE 44","BRIDGE CREEK RD",206.00,E,N,A,-,Y,,,44,,,,,,,Y,1,2,0,2,A,-,05,21460,A,N,A,C,A,C,H,-,A,D,0,,,,,Y,,A,01,0,0,0,0,0,0,0,0,0,"- ","- ",40.573970794677734,-121.57041168212891,SHASTA,UNINCORPORATED,-121.57039642333984,40.573963165283203
91460419,2021,2021-05-27,9135,2021-04-19,1745,019030,,1,2,5,4502,0,1,1,,2,056,"I-5 S/B TO BRIDGE BAY RD","BRIDGE BAY RD",0.00,,N,A,-,Y,,,,,,,,,,N,4,0,1,1,C,-,18,,,N,E,J,A,A,H,-,A,D,0,,,,,Y,,-,"- ",0,0,1,0,0,0,0,0,0,"- ","- ",40.752269744873047,-122.32128143310547,SHASTA,REDDING,-122.32022094726562,40.751541137695312
91460495,2021,2021-05-27,9135,2021-04-24,2240,020491,,6,3,9,4500,0,3,5,,2,002,"OLD 44 DR","OAK RUN ROAD",480.00,W,N,B,-,N,,,,,,,,,,Y,3,0,1,1,A,-,01,23152,A,N,E,I,A,A,H,-,D,D,0,,,,,Y,Y,A,01,0,1,0,0,0,0,0,0,0,"- ","- ",40.56903076171875,-122.19406127929688,SHASTA,UNINCORPORATED,-122.19428253173828,40.568878173828125
91460517,2021,2021-05-27,9135,2021-04-25,1410,019257,,7,2,2,4501,0,1,1,,2,053,"INTERSTATE 5 SB","NORTH STREET U/C",2112.00,N,N,C,-,Y,,,,,,,,,,Y,3,0,1,2,A,-,03,22350,,N,C,C,A,B,H,-,A,D,0,,,,,Y,,D,22,0,1,0,0,0,0,0,0,0,"- ","- ",40.273929595947266,-122.18013763427734,SHASTA,ANDERSON,-122.2999267578125,40.460338592529297
91460593,2021,2021-05-27,9135,2021-04-26,0734,017613,,1,1,9,4500,0,3,5,,2,003,"GAS POINT RD","FRANCES ST",108.00,W,N,A,-,N,,,,,,,,,,Y,2,0,1,2,A,-,03,22350,,N,D,C,A,A,H,-,A,D,0,,,Y,,Y,,C,02,1,0,0,0,0,0,0,0,1,"- ","- ",40.389278411865234,-122.31508636474609,SHASTA,UNINCORPORATED,-122.31499481201172,40.389255523681641
91463493,2021,2021-05-27,9135,2021-04-24,1300,020361,,6,1,9,4500,0,3,5,,2,004,"DESCHUTES ROAD","LYNN HART LANE",1721.00,S,N,A,-,N,,,,,,,,,,N,2,0,1,1,A,-,08,22107,,N,F,A,A,A,H,-,A,D,0,,,Y,,Y,,C,02,1,0,0,0,0,0,0,0,1,"- ","- ",40.416568756103516,-122.28383636474609,SHASTA,UNINCORPORATED,,
91466366,2021,2021-05-27,9135,2021-04-25,1615,020361,,7,2,9,4500,0,1,3,,2,651,SR-299,"OAK RUN ROAD",11616.00,W,N,B,C,Y,,,299,,,,,,,Y,3,0,3,1,A,-,08,22107,,N,E,I,A,B,H,-,A,D,0,,,,,Y,,A,01,0,3,0,0,0,0,0,0,0,"- ","- ",40.746299743652344,-122.06224822998047,SHASTA,UNINCORPORATED,-122.06227111816406,40.746330261230469
91467939,2021,2021-05-12,9135,2021-01-23,0030,020361,,6,3,9,4500,0,1,1,,2,053,"I-5 S/B","KNIGHTON RD",1455.00,S,N,A,-,Y,,,5,,,,,,S,Y,1,1,0,1,A,-,01,23152,A,N,E,I,A,A,H,-,C,D,0,,,,,Y,Y,A,07,0,0,0,0,0,0,0,0,0,"- ","- ",40.501899719238281,-122.33599090576172,SHASTA,UNINCORPORATED,-122.33588409423828,40.501972198486328
91468030,2021,2021-05-27,9135,2021-04-23,1645,017698,,5,2,9,4500,0,3,5,,2,004,"DERSCH ROAD","AIRPORT ROAD",0.00,,Y,A,-,N,,,,,,,,,,Y,3,0,2,2,A,-,09,21801,A,N,A,C,A,A,H,-,A,A,0,,,,,Y,,D,22,0,1,1,0,0,0,0,0,0,"- ","- ",40.480300903320312,-122.29295349121094,SHASTA,UNINCORPORATED,-122.29325866699219,40.480270385742188
91468145,2021,2021-05-27,9135,2021-04-29,1519,018133,,4,2,9,4500,0,1,1,,2,056,"I-5 SOUTHBOUND","O'BRIEN INLET RD",850.00,N,N,A,-,Y,,,5,,,,,,S,Y,3,0,1,1,A,-,08,22107,,N,E,I,A,A,H,-,A,D,0,,,,,Y,,A,01,0,1,0,0,0,0,0,0,0,"- ","- ",40.809799194335938,-122.32353210449219,SHASTA,UNINCORPORATED,-122.3233642578125,40.809848785400391
91469082,2021,2021-05-27,9135,2021-05-02,1720,018829,,7,2,9,4500,0,1,1,,2,056,"I-5 NORTHBOUND","MCCARDLE FLAT RD OVERCROSSING",3221.00,S,N,A,-,Y,,,5,,,,,,N,Y,2,0,1,1,A,-,01,23152,A,N,E,I,A,A,H,-,A,D,0,,,,,Y,Y,D,22,1,0,0,0,0,0,0,0,0,"- ","- ",40.948429107666016,-122.43609619140625,SHASTA,UNINCORPORATED,-122.43617248535156,40.948463439941406
91470285,2021,2021-05-27,9135,2021-05-04,2240,018388,,2,3,9,4500,0,3,5,,2,004,"GRAND ESTATES","DESCHUTES RD",960.00,E,N,A,-,N,,,,,,,,,,N,2,0,1,1,A,-,01,23152,A,N,E,I,A,A,H,-,D,D,0,,,,,Y,Y,A,01,1,0,0,0,0,0,0,0,0,"- ","- ",40.549388885498047,-122.23478698730469,SHASTA,UNINCORPORATED,-122.23489379882812,40.549453735351562
91470305,2021,2021-05-27,9135,2021-05-05,0245,016960,,3,3,9,4500,0,1,3,,1,201,"STATE HIGHWAY 299","MC CANDLESS ROAD",7920.00,E,N,A,-,Y,,,299,,,,,,,N,3,0,1,1,A,-,08,22107,,N,E,I,A,A,H,-,D,A,0,,,Y,,Y,,C,02,0,1,0,0,0,0,0,0,1,"- ","- ",40.777679443359375,-122.00530242919922,SHASTA,UNINCORPORATED,-122.00528717041016,40.777671813964844
91470311,2021,2021-05-27,9135,2021-05-05,1150,018704,,3,1,9,4500,0,1,3,,1,401,"HWY 44","ALWARD WAY",366.00,E,N,A,-,Y,,,44,,,,,,,N,3,0,1,1,A,-,08,22107,,N,E,I,A,A,H,-,A,D,0,,,,,Y,,D,22,0,1,0,0,0,0,0,0,0,"- ","- ",40.496700286865234,-121.85900115966797,SHASTA,UNINCORPORATED,-121.85900115966797,40.4967041015625
91471039,2021,2021-05-27,9135,2021-04-29,0255,018552,,4,3,9,4500,0,1,1,,2,054,"INTERSTATE 5","SMITH ROAD OVERCROSSING",528.00,S,N,A,-,Y,,,5,,,,,,,Y,4,0,1,2,A,-,03,22350,,M,C,C,A,A,H,-,D,D,0,,,,Y,Y,Y,A,07,0,0,1,0,0,0,0,0,0,"- ","- ",40.517471313476562,-122.34465789794922,SHASTA,UNINCORPORATED,-122.34463500976562,40.517478942871094