CASE_ID,ACCIDENT_YEAR,PROC_DATE,JURIS,COLLISION_DATE,COLLISION_TIME,OFFICER_ID,REPORTING_DISTRICT,DAY_OF_WEEK,CHP_SHIFT,POPULATION,CNTY_CITY_LOC,SPECIAL_COND,BEAT_TYPE,CHP_BEAT_TYPE,CITY_DIVISION_LAPD,CHP_BEAT_CLASS,BEAT_NUMBER,PRIMARY_RD,SECONDARY_RD,DISTANCE,DIRECTION,INTERSECTION,WEATHER_1,WEATHER_2,STATE_HWY_IND,CALTRANS_COUNTY,CALTRANS_DISTRICT,STATE_ROUTE,ROUTE_SUFFIX,POSTMILE_PREFIX,POSTMILE,LOCATION_TYPE,RAMP_INTERSECTION,SIDE_OF_HWY,TOW_AWAY,COLLISION_SEVERITY,NUMBER_KILLED,NUMBER_INJURED,PARTY_COUNT,PRIMARY_COLL_FACTOR,PCF_CODE_OF_VIOL,PCF_VIOL_CATEGORY,PCF_VIOLATION,PCF_VIOL_SUBSECTION,HIT_AND_RUN,TYPE_OF_COLLISION,MVIW,PED_ACTION,ROAD_SURFACE,ROAD_COND_1,ROAD_COND_2,LIGHTING,CONTROL_DEVICE,CHP_ROAD_TYPE,PEDESTRIAN_ACCIDENT,BICYCLE_ACCIDENT,MOTORCYCLE_ACCIDENT,TRUCK_ACCIDENT,NOT_PRIVATE_PROPERTY,ALCOHOL_INVOLVED,STWD_VEHTYPE_AT_FAULT,CHP_VEHTYPE_AT_FAULT,COUNT_SEVERE_INJ,COUNT_VISIBLE_INJ,COUNT_COMPLAINT_PAIN,COUNT_PED_KILLED,COUNT_PED_INJURED,COUNT_BICYCLIST_KILLED,COUNT_BICYCLIST_INJURED,COUNT_MC_KILLED,COUNT_MC_INJURED,PRIMARY_RAMP,SECONDARY_RAMP,LATITUDE,LONGITUDE,COUNTY,CITY,POINT_X,POINT_Y
91471461,2021,2021-05-27,9135,2021-05-06,1730,019680,,4,2,9,4500,0,1,3,,2,601,"COVE RD.","BIG BEND RD.",300.00,S,N,A,-,N,,,,,,,,,,N,2,0,1,1,A,-,08,22107,,N,E,I,A,A,H,-,A,D,0,,,Y,,Y,,C,06,1,0,0,0,0,0,0,0,1,"- ","- ",41.365699768066406,-121.54891967773438,SHASTA,UNINCORPORATED,-121.94758605957031,40.932479858398438
91471621,2021,2021-05-27,9135,2021-05-08,1117,018133,,6,1,9,4500,0,3,5,,2,003,"GAS POINT RD","PARK AVE",35.00,W,N,A,-,N,,,,,,,,,,N,4,0,1,2,A,-,01,23152,A,N,C,C,A,A,H,-,A,A,0,,,,,Y,Y,A,01,0,0,1,0,0,0,0,0,0,"- ","- ",40.389278411865234,-122.29054260253906,SHASTA,UNINCORPORATED,-122.29037475585938,40.389301300048828
91472491,2021,2021-05-27,9135,2021-05-10,1955,019066,,1,2,5,4502,0,1,1,,2,054,"I-5 S/B TO SR-44 W/B","THE WEST ROADWAY EDGE OF I-5",144.00,W,N,A,-,Y,,,5,,,,R,,S,Y,3,0,1,1,A,-,01,23152,A,N,E,I,A,A,H,-,B,D,0,,,,,Y,Y,D,22,0,1,0,0,0,0,0,0,0,"- ","- ",40.587528228759766,-122.36167907714844,SHASTA,REDDING,-122.36167907714844,40.587528228759766
91474442,2021,2021-05-27,9135,2021-05-13,2235,018552,,4,3,9,4500,0,1,3,,1,302,"SR-273 S/B","HILL STREET",800.00,N,N,A,-,Y,,,273,,,,,,S,Y,3,0,1,1,A,-,01,23152,A,N,E,I,A,A,H,-,D,D,0,,,,,Y,Y,A,01,0,1,0,0,0,0,0,0,0,"- ","- ",40.472869873046875,-122.33447265625,SHASTA,UNINCORPORATED,-122.33441925048828,40.472942352294922
91474626,2021,2021-05-27,9135,2021-05-08,1515,019257,,6,2,9,4500,0,3,5,,2,004,"OAK STREET","MAIN STREET",130.00,W,N,A,-,N,,,,,,,,,,N,3,0,1,3,A,-,08,22107,,N,D,C,A,A,H,-,A,D,0,,,,,Y,,A,01,0,1,0,0,0,0,0,0,0,"- ","- ",40.235038757324219,-122.16526794433594,SHASTA,UNINCORPORATED,-122.28102111816406,40.397064208984375
91475299,2021,2021-05-27,9135,2021-05-13,0730,018436,,4,1,9,4500,0,1,3,,1,401,SR-44,"NORTH ROADWAY EDGE OF DREAMSCAPE LN",3.00,S,N,A,-,Y,,,,,,,,,,Y,3,0,2,2,A,-,09,21801,A,N,D,C,A,A,H,-,A,D,0,,,,,Y,,A,07,0,1,1,0,0,0,0,0,0,"- ","- ",40.501708984375,-122.992431640625,SHASTA,UNINCORPORATED,-122.46473693847656,40.622692108154297
91476586,2021,2021-05-27,9135,2021-05-04,1230,018704,,2,1,9,4500,0,3,5,,2,004,"4TH ST","LOCUST ST.",73.00,E,N,A,-,N,,,,,,,,,,N,3,0,1,1,A,-,01,23152,G,N,E,I,A,A,H,-,A,D,0,,,,,Y,Y,A,01,0,1,0,0,0,0,0,0,0,"- ","- ",40.389358520507812,-122.27375793457031,SHASTA,UNINCORPORATED,-122.27394104003906,40.389339447021484
91476654,2021,2021-06-28,9135,2021-05-19,0753,018704,,3,1,5,4502,0,3,5,,2,004,"SR-44 W/B","PARK MARINA DR",1584.00,E,N,A,-,Y,,,44,,,,,,W,Y,4,0,1,3,A,-,03,22350,,N,C,C,A,A,H,-,A,D,0,,,,,Y,,A,07,0,0,1,0,0,0,0,0,0,"- ","- ",40.586330413818359,-122.36714172363281,SHASTA,REDDING,-122.36716461181641,40.585887908935547
91477751,2021,2021-05-27,9135,2021-05-09,1600,019111,,7,2,5,4502,0,1,3,,2,040,"SR-44 W/B","LIBERTY ST",465.00,E,N,A,-,Y,,,44,,,,,,W,Y,3,0,1,1,A,-,08,22107,,N,E,I,A,A,H,-,A,D,0,,,,,Y,,A,01,0,1,0,0,0,0,0,0,0,"- ","- ",40.586738586425781,-122.38619995117188,SHASTA,REDDING,-122.38622283935547,40.586692810058594
91480467,2021,2021-05-24,9135,2021-03-11,2233,019680,,4,3,9,4500,0,1,3,,2,602,"STATE HIGHWAY 299","HUDSON ST",174.00,W,N,A,-,Y,,,,,,,,,,N,1,1,0,2,A,-,11,21954,A,F,G,B,D,A,H,-,D,D,0,Y,,,,Y,,N,60,0,0,0,1,0,0,0,0,0,"- ","- ",41.789539337158203,-121.85478210449219,SHASTA,UNINCORPORATED,-121.66218566894531,40.882251739501953
91480483,2021,2021-05-27,9135,2021-05-20,2215,018174,,4,3,5,4502,0,1,3,,2,040,"SR-44 E/B","OLD OREGON TRL",200.00,E,N,A,-,Y,,,44,,,,,,E,Y,3,0,1,1,A,-,08,22107,,N,E,8,A,A,H,-,A,D,0,,,,,Y,,A,01,0,1,0,0,0,0,0,0,0,"- ","- ",40.561088562011719,-122.30084228515625,SHASTA,REDDING,-122.30082702636719,40.561119079589844
91481359,2021,2021-05-27,9135,2021-05-18,1116,020756,,2,1,5,4502,0,1,1,,2,054,"SOUTHBOUND INTERSTATE 5","CA 44",910.00,S,N,A,-,Y,,,5,,,,,,,N,3,0,1,2,A,-,07,21658,A,N,B,C,A,A,H,-,A,A,0,,,,,Y,,A,01,0,1,0,0,0,0,0,0,0,"- ","- ",40.581611633300781,-122.36083984375,SHASTA,REDDING,-122.36073303222656,40.581611633300781
91481364,2021,2021-05-27,9135,2021-05-25,1135,018704,,2,1,9,4500,0,1,3,,1,401,SR-44,"MPM 9.64",42.00,W,N,A,-,Y,,,,,,,,,,Y,4,0,1,2,A,-,09,21801,A,N,D,C,A,A,H,-,A,D,0,,,,,Y,,A,01,0,0,1,0,0,0,0,0,0,"- ","- ",40.705860137939453,-122.22699737548828,SHASTA,UNINCORPORATED,,
91485688,2021,2021-06-29,9135,2021-05-18,1620,018890,,2,2,9,4500,0,3,5,,2,004,"DERSCH RD","VALOR DR",0.00,,Y,A,-,N,,,,,,,,,,Y,3,0,1,2,D,-,00,,,M,E,I,A,A,H,-,A,D,0,,,,Y,Y,,-,"- ",0,1,0,0,0,0,0,0,0,"- ","- ",40.476589202880859,-122.23336791992188,SHASTA,UNINCORPORATED,-122.23342895507812,40.476455688476562
91485714,2021,2021-05-31,9135,2021-05-27,1445,019066,,4,2,5,4502,0,1,1,,2,054,"I-5 N/B FROM CYPRESS AVE.","CYPRESS AVE",36.00,N,N,A,-,Y,,,5,,,,R,,N,N,4,0,1,2,A,-,03,22350,,N,C,C,A,A,H,-,A,D,0,,,,,Y,,A,01,0,0,1,0,0,0,0,0,0,"- ","- ",40.571258544921875,-122.35922241210938,SHASTA,REDDING,-122.35922241210938,40.571258544921875
91488376,2021,2021-06-03,9135,2021-05-31,0130,016790,,1,3,9,4500,0,1,1,,2,056,"S/B I-5","RIVERVIEW DR",381.00,N,N,A,-,Y,,,5,,,,,,,Y,3,0,1,1,A,-,01,23152,A,N,E,I,A,A,H,-,D,D,0,,,,,Y,Y,A,01,0,1,0,0,0,0,0,0,0,"- ","- ",40.910751342773438,-122.38543701171875,SHASTA,UNINCORPORATED,-122.38548278808594,40.910720825195312
91490852,2021,2021-06-07,9135,2021-05-29,2105,018777,,6,2,9,4500,0,1,3,,2,604,SR-44,"SR-89 (LASSEN LEGACY SCENIC BYWAY)",1594.00,E,N,A,-,Y,,,44,,,,,,,Y,3,0,1,1,C,-,18,,,N,H,7,A,A,H,-,D,D,0,,,,,Y,,-,"- ",0,1,0,0,0,0,0,0,0,"- ","- ",40.550071716308594,-121.57977294921875,SHASTA,UNINCORPORATED,-121.57944488525391,40.550205230712891
91490880,2021,2021-06-07,9135,2021-06-03,1456,019111,,4,2,5,4502,0,1,1,,2,054,"I-5 N/B","CYPRESS AVE",3696.00,N,N,A,-,Y,,,5,,,,,,N,Y,2,0,1,1,A,-,01,23152,A,N,E,I,A,A,H,-,A,D,0,,,,,Y,Y,A,07,1,0,0,0,0,0,0,0,0,"- ","- ",40.581249237060547,-122.36042785644531,SHASTA,REDDING,-122.36037445068359,40.581253051757812
91492709,2021,2021-06-09,9135,2021-06-04,1815,019111,,5,2,9,4500,0,1,3,,1,301,SR-299,"ROCK CREEK RD.",1584.00,W,N,A,-,Y,,,299,,,,,,,Y,3,0,1,1,A,-,01,23152,A,N,E,8,A,A,H,-,A,D,0,,,,,Y,Y,A,07,0,1,0,0,0,0,0,0,0,"- ","- ",40.605201721191406,-122.507568359375,SHASTA,UNINCORPORATED,-122.507568359375,40.605197906494141
91494185,2021,2021-10-26,9135,2021-05-25,1100,016087,,2,1,9,4500,0,3,5,,2,004,"GAS POINT RD.","HAPPY VALLEY RD.",1584.00,E,N,A,-,N,,,,,,,,,,N,1,1,0,2,A,-,06,21760,C,F,C,G,A,A,H,-,A,D,0,,Y,,,Y,,D,22,0,0,0,0,0,1,0,0,0,"- ","- ",40.388660430908203,-122.39990234375,SHASTA,UNINCORPORATED,-122.401123046875,40.388648986816406
91496051,2021,2021-06-14,9135,2021-06-09,2030,018829,,3,2,9,4500,0,1,3,,1,201,SR-299,"SUB STATION ROAD",220.00,E,N,B,-,Y,,,299,,,,,,,Y,2,0,2,1,A,-,08,22107,,N,E,I,A,A,H,-,B,D,0,,,,,Y,,A,01,1,0,1,0,0,0,0,0,0,"- ","- ",40.8060302734375,-121.94016265869141,SHASTA,UNINCORPORATED,-121.94023895263672,40.8060302734375
91496182,2021,2021-06-14,9135,2021-06-11,1755,019065,,5,2,9,4500,0,1,3,,2,040,SR-44,"MERRILEA LN",500.00,E,N,B,-,Y,,,,,,,,,,N,3,0,1,1,A,-,03,22350,,N,F,A,A,A,H,-,A,D,0,,,Y,,Y,,C,02,0,1,0,0,0,0,0,0,1,"- ","- ",40.514610290527344,-122.09320831298828,SHASTA,UNINCORPORATED,-122.09456634521484,40.516773223876953
91500230,2021,2021-06-18,9135,2021-06-15,1530,019065,,2,2,9,4500,0,1,3,,1,302,"SR-273 S/B","HILL STREET",0.00,,Y,A,-,Y,,,273,,,,,,S,Y,3,0,1,2,A,-,09,21802,A,N,D,C,A,A,H,-,A,A,0,,,,,Y,,A,07,0,1,0,0,0,0,0,0,0,"- ","- ",40.470638275146484,-122.33113098144531,SHASTA,UNINCORPORATED,-122.33110809326172,40.470668792724609
91500427,2021,2021-06-18,9135,2021-06-10,0630,018398,,4,1,9,4500,0,1,1,,2,056,"I-5 N/B","GREGORY CREEK ROAD",92.00,S,N,A,-,Y,,,5,,,,,,N,Y,3,0,1,1,A,-,08,22107,,N,E,I,A,A,H,-,A,D,0,,,,,Y,,A,01,0,1,0,0,0,0,0,0,0,"- ","- ",40.869258880615234,-122.36636352539062,SHASTA,UNINCORPORATED,-122.36643218994141,40.869224548339844
91501398,2021,2021-06-21,9135,2021-06-18,1115,018398,,5,1,9,4500,0,1,3,,2,020,SR-299,"WILSON WAY",0.00,,Y,A,-,Y,,,299,,,,,,,Y,3,0,1,2,A,-,03,22350,,N,C,C,A,A,H,-,A,D,0,,,,,Y,,A,01,0,1,0,0,0,0,0,0,0,"- ","- ",40.633010864257812,-122.26187133789062,SHASTA,UNINCORPORATED,-122.26184844970703,40.632919311523438
91503769,2021,2021-06-23,9135,2021-06-14,0805,016480,,1,1,9,4500,0,1,3,,1,301,"SR-299 W/B","HOADLEY PEAKS RD.",7550.00,E,N,A,-,Y,,,299,,,,,,W,Y,2,0,2,2,A,-,05,21651,A,N,A,C,A,A,H,-,A,D,0,,,Y,,Y,,A,07,1,0,1,0,0,0,0,0,1,"- ","- ",40.653759002685547,-122.70768737792969,SHASTA,UNINCORPORATED,-122.70803833007812,40.653575897216797
91507540,2021,2021-06-28,9135,2021-06-17,1902,019101,,4,2,5,4502,0,1,1,,2,054,"I-5 S/B","LAKE BLVD",2640.00,S,N,A,-,Y,,,5,,,,,,S,Y,4,0,1,1,A,-,08,22107,,N,F,A,A,A,H,-,A,D,0,,,,,Y,Y,A,07,0,0,1,0,0,0,0,0,0,"- ","- ",40.602909088134766,-122.36090850830078,SHASTA,REDDING,-122.36087036132812,40.602912902832031
91509204,2021,2021-06-29,9135,2021-06-22,0850,018777,,2,1,9,4500,0,1,3,,2,604,SR-44,"US FOREST SERVICE ROAD 32N85Y",39.00,W,N,A,-,Y,,,44,,,,,,,Y,3,0,1,1,A,-,08,22107,,N,E,I,A,A,H,-,A,D,0,,,,,Y,,A,07,0,1,0,0,0,0,0,0,0,"- ","- ",40.694061279296875,-121.38449859619141,SHASTA,UNINCORPORATED,-121.38459777832031,40.693984985351562
91511426,2021,2021-07-01,9135,2021-06-30,1115,018398,,3,1,9,4500,0,3,5,,2,004,"KIMBERLY ROAD","HAWES ROAD",117.00,E,N,A,-,N,,,,,,,,,,Y,3,0,1,2,A,-,03,22350,,N,C,C,A,A,H,-,A,D,0,,,,,Y,,A,01,0,1,0,0,0,0,0,0,0,"- ","- ",40.431758880615234,-122.25753784179688,SHASTA,UNINCORPORATED,-122.26921844482422,40.43817138671875
91512584,2021,2021-07-05,9135,2021-06-17,1630,017428,,4,2,9,4500,0,1,3,,2,040,"SR-44 W/B FROM DANA DR.","DANA DR.",528.00,W,N,A,-,Y,,,,,,,,,,Y,3,0,1,1,A,-,08,22107,,N,F,A,A,A,H,-,A,D,0,,,,,Y,,A,07,0,1,0,0,0,0,0,0,0,"- ","- ",40.584480285644531,-122.34773254394531,SHASTA,UNINCORPORATED,,
91512697,2021,2021-07-05,9135,2021-05-02,1435,019111,,7,2,5,4502,0,1,3,,2,040,"STATE ROUTE 44 (W/B)","SUNDIAL BRIDGE DRIVE",1700.00,W,N,A,-,Y,,,44,,,,,,,Y,1,1,0,1,A,-,03,22350,,N,E,8,A,A,H,-,A,D,0,,,Y,,Y,,C,02,0,0,0,0,0,0,0,1,0,"- ","- ",40.586490631103516,-122.38484191894531,SHASTA,REDDING,-122.38484191894531,40.586502075195312
91512994,2021,2021-07-05,9135,2021-07-02,1648,016960,,5,2,9,4500,0,1,1,,2,053,"INTERSTATE 5 SOUTHBOUND","KNIGHTON RD",493.00,S,N,A,-,Y,,,5,,,,,,S,Y,3,0,1,1,A,-,01,23152,A,N,E,I,A,A,H,-,A,A,0,,,,,Y,Y,A,01,0,1,0,0,0,0,0,0,0,"- ","- ",40.505481719970703,-122.33818054199219,SHASTA,UNINCORPORATED,-122.33821105957031,40.505462646484375
91514372,2021,2021-07-07,9135,2021-07-05,1059,017250,,1,1,9,4500,0,1,1,,2,053,"WEST ANDERSON DR","SOUTH ROAD EDGE OLINDA RD",1000.00,S,N,A,-,N,,,,,,,,,,Y,3,0,1,1,A,-,08,22107,,N,E,I,A,A,H,-,A,D,0,,,,,Y,,A,07,0,1,0,0,0,0,0,0,0,"- ","- ",40.438068389892578,-122.30406188964844,SHASTA,UNINCORPORATED,,
91515504,2021,2021-07-08,9135,2021-06-29,1828,019030,,2,2,9,4500,0,3,5,,2,003,"CLEAR CREEK RD","CLOVERDALE RD",6336.00,E,N,A,-,N,,,,,,,,,,Y,3,0,1,1,A,-,01,23152,A,N,E,I,A,A,H,-,A,D,0,,,,,Y,Y,A,07,0,1,0,0,0,0,0,0,0,"- ","- ",40.494239807128906,-122.49891662597656,SHASTA,UNINCORPORATED,-122.49820709228516,40.494457244873047
91517951,2021,2021-07-12,9135,2021-06-22,1632,017428,,2,2,9,4500,0,1,1,,2,056,"I-5 SB","SHASTA VIADUCT BRIDGE #06-0212L",750.00,S,N,A,-,Y,,,,,,,,,,Y,4,0,1,1,A,-,01,23152,A,N,E,I,A,A,H,-,A,D,0,,,,,Y,Y,A,01,0,0,1,0,0,0,0,0,0,"- ","- ",40.776958465576172,-121.31696319580078,SHASTA,UNINCORPORATED,,
91517964,2021,2021-07-12,9135,2021-06-28,1900,019257,,1,2,9,4500,0,3,5,,2,004,"DERSCH ROAD","HYRAX ROAD",1795.00,E,N,A,-,N,,,,,,,,,,Y,4,0,1,1,A,-,08,22107,,N,E,I,A,A,H,-,A,D,0,,,,,Y,,A,01,0,0,1,0,0,0,0,0,0,"- ","- ",40.291561126708984,-122.08258819580078,SHASTA,UNINCORPORATED,-122.14082336425781,40.487339019775391
91517978,2021,2021-07-12,9135,2021-07-02,1340,018777,,5,1,5,4502,0,1,3,,2,605,SR-44,"U.S. FOREST ESRVICE ROAD 32N12",1086.00,W,N,A,-,Y,,,,,,,,,,Y,3,0,1,1,A,-,08,22107,,N,E,I,A,A,H,-,A,D,0,,,,,Y,,A,07,0,1,0,0,0,0,0,0,0,"- ","- ",40.371200561523438,-121.29129791259766,SHASTA,REDDING,,
91518112,2021,2021-07-12,9135,2021-07-09,2130,018174,,5,2,9,4500,0,3,5,,2,001,"LAKESHORE DR","RIVERVIEW DR",528.00,S,N,A,-,N,,,,,,,,,,Y,2,0,1,1,A,-,08,22107,,N,E,I,A,A,H,-,D,D,0,,,Y,,Y,Y,C,02,1,0,0,0,0,0,0,0,1,"- ","- ",40.908729553222656,-122.23085784912109,SHASTA,UNINCORPORATED,-122.38568878173828,40.908901214599609
91518118,2021,2021-07-12,9135,2021-07-10,1245,016480,,6,1,9,4500,0,3,5,,2,004,"CHURN CREEK ROAD","SMITH RD.",205.00,N,N,A,-,N,,,,,,,,,,Y,3,0,1,1,A,-,08,22107,,N,E,I,A,A,H,-,A,D,0,,,,,Y,,A,01,0,1,0,0,0,0,0,0,0,"- ","- ",40.520709991455078,-122.33377075195312,SHASTA,UNINCORPORATED,-122.33365631103516,40.520660400390625
91519067,2021,2021-07-13,9146,2021-07-06,1045,019230,,2,1,9,4500,0,3,5,,2,003,"CASTLE CREEK ROAD","OLD ROAD",8448.00,W,N,A,-,N,,,,,,,,,,Y,4,0,1,1,A,-,01,23152,F,N,E,I,A,A,H,-,A,D,0,,,,,Y,,A,01,0,0,1,0,0,0,0,0,0,"- ","- ",41.154670715332031,-122.34320068359375,SHASTA,UNINCORPORATED,-122.34764099121094,41.155429840087891
91519331,2021,2021-07-13,9135,2021-06-27,1910,017428,,7,2,9,4500,0,1,3,,1,301,"SR-299 W/B","TRINITY COUNTY LINE",3168.00,E,N,A,-,N,,,299,,,,,,W,Y,3,0,1,1,A,-,01,23152,A,N,E,I,A,A,H,-,A,D,0,,,,,Y,Y,A,07,0,1,0,0,0,0,0,0,0,"- ","- ",40.642341613769531,-122.72707366943359,SHASTA,UNINCORPORATED,-122.72706604003906,40.642375946044922
91519857,2021,2021-07-14,9135,2021-07-12,1707,018777,,1,2,9,4500,0,3,5,,2,006,"BIG BEND ROAD","SLEEPY CREEK ROAD",1584.00,S,N,A,-,N,,,,,,,,,,Y,3,0,1,1,A,-,08,22107,,N,E,I,A,A,H,-,A,D,0,,,,,Y,,D,22,0,1,0,0,0,0,0,0,0,"- ","- ",40.908599853515625,-121.90585327148438,SHASTA,UNINCORPORATED,-121.90616607666016,40.908626556396484
91520756,2021,2021-07-15,9135,2021-07-07,1815,019030,,3,2,9,4500,0,1,3,,1,201,SR-299,"SEAMAN GULCH RD",1584.00,E,N,A,-,Y,,,299,,,,,,,Y,3,0,3,1,A,-,08,22107,,N,E,I,A,A,H,-,A,D,0,,,,,Y,,D,22,0,3,0,0,0,0,0,0,0,"- ","- ",40.708709716796875,-122.09034729003906,SHASTA,UNINCORPORATED,-122.09049987792969,40.708717346191406
91523540,2021,2021-07-19,9135,2021-07-17,0630,016480,,6,1,5,4502,0,1,1,,2,054,"I-5 S/B","HARTNELL AVE.",300.00,S,N,A,-,Y,,,5,,,,,,S,N,4,0,1,2,A,-,03,22350,,N,C,C,A,A,H,-,A,A,0,,,,,Y,,A,01,0,0,1,0,0,0,0,0,0,"- ","- ",40.5635986328125,-122.35922241210938,SHASTA,REDDING,-122.35920715332031,40.563602447509766
91524202,2021,2021-07-20,9135,2021-07-06,1500,018419,,2,2,9,4500,0,3,5,,2,002,"DESCHUTES RD",SR-299,5280.00,S,N,A,-,N,,,,,,,,,,Y,3,0,1,1,A,-,01,23152,A,N,E,I,A,A,H,-,A,D,0,,,,,Y,Y,A,01,0,1,0,0,0,0,0,0,0,"- ","- ",40.622478485107422,-122.23312377929688,SHASTA,UNINCORPORATED,-122.23367309570312,40.625778198242188
91524222,2021,2021-07-20,9135,2021-07-14,1440,018837,,3,2,9,4500,0,1,1,,2,053,"I-5 S/B TO MAIN STREET","CATTLEMAN DR",1056.00,N,N,A,-,Y,,,,,,,,,,Y,4,0,2,1,A,-,08,22107,,N,E,I,A,A,H,-,A,D,0,,,,,Y,,A,01,0,0,2,0,0,0,0,0,0,"- ","- ",40.386299133300781,-122.21898651123047,SHASTA,UNINCORPORATED,,
91524791,2021,2021-07-20,9146,2021-07-09,1910,017955,,5,2,9,4500,0,1,1,,2,014,"I-5 N/B","GIBSON RD. UNDER-CROSSING",92.00,N,N,A,-,Y,,,5,,,,,,N,N,2,0,1,1,A,-,01,23152,A,N,F,A,A,A,H,-,A,D,0,,,Y,,Y,Y,C,02,1,0,0,0,0,0,0,0,1,"- ","- ",41.019859313964844,-122.40097808837891,SHASTA,UNINCORPORATED,-122.40095520019531,41.019832611083984
91528687,2021,2021-07-26,9135,2021-07-17,0520,018777,,6,3,9,4500,0,1,3,,2,601,SR-299,"GOOSE VALLEY ROAD",1280.00,E,N,A,-,Y,,,299,,,,,,,Y,4,0,1,2,A,-,03,22350,,N,C,C,A,A,H,-,D,D,0,,,,,Y,Y,A,01,0,0,1,0,0,0,0,0,0,"- ","- ",40.87213134765625,-121.68881988525391,SHASTA,UNINCORPORATED,-121.68881225585938,40.872062683105469
91532003,2021,2021-07-29,9135,2021-07-27,0800,016087,,2,1,9,4500,0,1,1,,2,053,"I-5 N/B","GAS POINT RD",1500.00,N,N,B,C,Y,,,5,,,,,,N,Y,4,0,3,3,A,-,03,22350,,N,C,C,A,B,H,-,A,D,0,,,,,Y,,A,01,0,0,3,0,0,0,0,0,0,"- ","- ",40.394279479980469,-122.28437042236328,SHASTA,UNINCORPORATED,-122.28431701660156,40.394264221191406
91534788,2021,2021-08-02,9135,2021-07-26,2344,020491,,1,3,9,4500,0,3,5,,2,003,"HAPPY VALLEY ROAD","ERIKA LANE",420.00,S,N,A,-,N,,,,,,,,,,Y,2,0,2,1,A,-,08,22107,,N,E,I,A,A,H,-,C,D,0,,,,,Y,,A,01,2,0,0,0,0,0,0,0,0,"- ","- ",40.433319091796875,-122.407470703125,SHASTA,UNINCORPORATED,-122.40755462646484,40.433395385742188
91534795,2021,2021-08-02,9135,2021-06-25,2105,016790,,5,2,9,4500,0,3,5,,2,003,"PLATINA RD","PLACER RD",0.00,,Y,A,-,N,,,,,,,,,,Y,2,0,1,2,A,-,09,21802,A,N,D,C,A,A,H,-,D,A,0,,,Y,,Y,,A,01,1,0,0,0,0,0,0,0,1,"- ","- ",40.489768981933594,-122.55008697509766,SHASTA,UNINCORPORATED,-122.55004119873047,40.489765167236328
91535550,2021,2021-08-03,9135,2021-07-24,2115,019111,,6,2,9,4500,0,1,3,,2,402,SR-44,"FOREST ROUTE 32N17",6336.00,W,N,A,-,Y,,,44,,,,,,,Y,3,0,1,1,A,-,01,23152,A,N,E,I,A,A,H,-,D,D,0,,,,,Y,Y,D,22,0,1,0,0,0,0,0,0,0,"- ","- ",40.529609680175781,-121.64193725585938,SHASTA,UNINCORPORATED,-121.64186096191406,40.529460906982422
91538050,2021,2021-08-05,9135,2021-07-26,1114,017428,,1,1,9,4500,0,1,1,,2,054,"I-5 S/B TO CYPRESS AVE.","CYPRESS AVE.",11.00,N,N,A,-,Y,,,,,,,,,,N,3,0,2,3,A,-,10,21950,A,N,G,B,B,A,H,-,A,A,0,Y,,,,Y,,D,22,0,1,1,0,2,0,0,0,0,"- ","- ",40.571189880371094,-122.36123657226562,SHASTA,UNINCORPORATED,-122.36061859130859,40.571079254150391
91538052,2021,2021-08-05,9135,2021-07-28,1130,017428,,3,1,9,4500,0,1,1,,2,054,"I-5 N/B","LOMA VISTA DR.",1584.00,N,N,A,-,Y,,,,,,,,,,Y,4,0,2,1,A,-,08,22107,,N,E,I,A,A,H,-,A,D,0,,,,,Y,,D,22,0,0,2,0,0,0,0,0,0,"- ","- ",40.553768157958984,-122.35559844970703,SHASTA,UNINCORPORATED,-122.35340118408203,40.546409606933594
91540253,2021,2021-08-09,9135,2021-08-06,0130,019101,,5,3,9,4500,0,3,5,,2,004,"BALLS FERRY RD","TREFOIL LN",1900.00,W,N,A,-,N,,,,,,,,,,Y,2,0,2,1,A,-,01,23152,A,N,F,A,A,A,H,-,D,D,0,,,,,Y,Y,A,07,2,0,0,0,0,0,0,0,0,"- ","- ",40.393421173095703,-122.26049041748047,SHASTA,UNINCORPORATED,-122.260498046875,40.393348693847656