CASE_ID,ACCIDENT_YEAR,PROC_DATE,JURIS,COLLISION_DATE,COLLISION_TIME,OFFICER_ID,REPORTING_DISTRICT,DAY_OF_WEEK,CHP_SHIFT,POPULATION,CNTY_CITY_LOC,SPECIAL_COND,BEAT_TYPE,CHP_BEAT_TYPE,CITY_DIVISION_LAPD,CHP_BEAT_CLASS,BEAT_NUMBER,PRIMARY_RD,SECONDARY_RD,DISTANCE,DIRECTION,INTERSECTION,WEATHER_1,WEATHER_2,STATE_HWY_IND,CALTRANS_COUNTY,CALTRANS_DISTRICT,STATE_ROUTE,ROUTE_SUFFIX,POSTMILE_PREFIX,POSTMILE,LOCATION_TYPE,RAMP_INTERSECTION,SIDE_OF_HWY,TOW_AWAY,COLLISION_SEVERITY,NUMBER_KILLED,NUMBER_INJURED,PARTY_COUNT,PRIMARY_COLL_FACTOR,PCF_CODE_OF_VIOL,PCF_VIOL_CATEGORY,PCF_VIOLATION,PCF_VIOL_SUBSECTION,HIT_AND_RUN,TYPE_OF_COLLISION,MVIW,PED_ACTION,ROAD_SURFACE,ROAD_COND_1,ROAD_COND_2,LIGHTING,CONTROL_DEVICE,CHP_ROAD_TYPE,PEDESTRIAN_ACCIDENT,BICYCLE_ACCIDENT,MOTORCYCLE_ACCIDENT,TRUCK_ACCIDENT,NOT_PRIVATE_PROPERTY,ALCOHOL_INVOLVED,STWD_VEHTYPE_AT_FAULT,CHP_VEHTYPE_AT_FAULT,COUNT_SEVERE_INJ,COUNT_VISIBLE_INJ,COUNT_COMPLAINT_PAIN,COUNT_PED_KILLED,COUNT_PED_INJURED,COUNT_BICYCLIST_KILLED,COUNT_BICYCLIST_INJURED,COUNT_MC_KILLED,COUNT_MC_INJURED,PRIMARY_RAMP,SECONDARY_RAMP,LATITUDE,LONGITUDE,COUNTY,CITY,POINT_X,POINT_Y
91541758,2021,2021-08-10,9135,2021-07-19,1920,020361,,1,2,5,4502,0,3,5,,2,004,"WHITMORE RD","COW CREEK RANCH RD",4210.00,W,N,A,-,N,,,,,,,,,,Y,3,0,1,1,A,-,01,23152,A,N,E,I,A,A,H,-,A,D,0,,,,,Y,Y,D,22,0,1,0,0,0,0,0,0,0,"- ","- ",40.587249755859375,-122.08605194091797,SHASTA,REDDING,-122.08605194091797,40.5872802734375
91542255,2021,2021-08-11,9135,2021-08-06,1140,016087,,5,1,9,4500,0,3,5,,2,007,"OLINDA RD.","LOU ANN LN.",778.00,W,N,A,-,N,,,,,,,,,,Y,2,0,1,1,A,-,08,22107,,N,E,I,A,A,H,-,A,D,0,,,,,Y,,A,07,1,0,0,0,0,0,0,0,0,"- ","- ",40.44049072265625,-122.34068298339844,SHASTA,UNINCORPORATED,-122.34043121337891,40.440357208251953
91542563,2021,2021-08-11,9135,2021-08-05,1205,016461,,4,1,9,4500,0,3,5,,2,001,"SALT CREEK RD","LOWER SALT CREEK RD",288.00,S,N,A,-,N,,,,,,,,,,N,3,0,1,1,A,-,08,22107,,N,E,I,A,A,H,-,A,D,0,,,,,Y,,D,22,0,1,0,0,0,0,0,0,0,"- ","- ",40.848419189453125,-122.34075164794922,SHASTA,UNINCORPORATED,-122.3408203125,40.848323822021484
91543287,2021,2021-08-12,9135,2021-06-16,2215,016790,,3,3,9,4500,0,1,1,,2,056,"I-5 S/B","OBRIEN U/C",160.00,N,N,A,-,Y,,,5,,,,,,S,Y,1,1,0,1,A,-,08,22107,,N,E,I,A,A,H,-,D,D,0,,,,Y,Y,,G,25,0,0,0,0,0,0,0,0,0,"- ","- ",40.807659149169922,-122.32232666015625,SHASTA,UNINCORPORATED,-122.32244873046875,40.807670593261719
91543919,2021,2021-08-12,9135,2021-07-30,1930,019680,,5,2,9,4500,0,1,3,,2,603,"CASSEL FALL RIVER RD","NEZ PERCE",4752.00,S,N,A,-,N,,,,,,,,,,Y,2,0,3,1,A,-,01,23152,A,N,E,I,A,A,H,-,A,D,0,,,,,Y,Y,A,01,2,1,0,0,0,0,0,0,0,"- ","- ",41.001300811767578,-121.28560638427734,SHASTA,UNINCORPORATED,-121.45647430419922,40.92523193359375
91548435,2021,2021-08-18,9135,2021-08-12,1153,020713,,4,1,9,4500,0,1,3,,2,602,SR-299,"MOUNTAIN VIEW RD",0.00,,Y,B,-,Y,,,299,,,,,,,N,3,0,1,1,A,-,03,22350,,N,F,A,A,A,H,-,A,D,0,,Y,,,Y,,L,04,0,1,0,0,0,0,1,0,0,"- ","- ",40.884559631347656,-121.65778350830078,SHASTA,UNINCORPORATED,-121.65780639648438,40.88458251953125
91550183,2021,2021-08-20,9135,2021-07-18,1510,017698,,7,2,9,4500,0,1,3,,1,302,"SR-273 N/B","AMEN STREET",30.00,S,N,A,-,Y,,,273,,,,,,N,Y,2,0,1,2,A,-,01,23152,A,N,E,2,A,A,H,-,A,D,0,,,,,Y,Y,A,01,1,0,0,0,0,0,0,0,0,"- ","- ",40.481048583984375,-122.34635162353516,SHASTA,UNINCORPORATED,-122.34622955322266,40.481224060058594
91550853,2021,2021-08-23,9135,2021-08-08,1530,019030,,7,2,9,4500,0,3,5,,2,004,"BALLS FERRY RD","DODSON LN",939.00,S,N,A,F,N,,,,,,,,,,Y,3,0,1,1,A,-,01,23152,A,N,E,I,A,A,H,-,A,D,0,,,,,Y,Y,A,01,0,1,0,0,0,0,0,0,0,"- ","- ",40.453128814697266,-122.27742004394531,SHASTA,UNINCORPORATED,-122.27739715576172,40.453182220458984
91552793,2021,2021-08-24,9135,2021-08-21,2331,018837,,6,3,9,4500,0,3,5,,2,004,"BALLS FERRY RD","ADOBE ROAD",740.00,E,N,F,-,N,,,,,,,,,,N,3,0,1,1,A,-,01,23152,A,N,E,I,A,A,H,-,D,D,0,,,,,Y,Y,A,08,0,1,0,0,0,0,0,0,0,"- ","- ",40.404388427734375,-122.23126220703125,SHASTA,UNINCORPORATED,-122.23121643066406,40.404319763183594
91555342,2021,2021-08-26,9135,2021-08-20,2043,018133,,5,2,9,4500,0,1,1,,2,053,"I-5 N/B","BRIDGE BAY RD.",1320.00,N,N,A,-,Y,,,5,,,,,,N,Y,2,0,3,2,A,-,01,23152,F,N,E,I,A,A,H,-,A,A,0,,,,,Y,,A,01,1,2,0,0,0,0,0,0,0,"- ","- ",40.754318237304688,-122.32183837890625,SHASTA,UNINCORPORATED,-122.32179260253906,40.754318237304688
91559143,2021,2021-08-31,9135,2021-08-10,1641,017428,,2,2,9,4500,0,3,5,,2,002,"OLD 44 DR.","OAK RUN RD.",528.00,W,N,A,-,N,,,,,,,,,,Y,4,0,1,1,A,-,01,23152,A,N,E,I,A,A,H,-,A,D,0,,,,,Y,Y,A,07,0,0,1,0,0,0,0,0,0,"- ","- ",40.568538665771484,-122.19441986083984,SHASTA,UNINCORPORATED,-122.19435882568359,40.568759918212891
91560164,2021,2021-09-01,9135,2021-08-23,2022,018866,,1,2,9,4500,0,1,3,,2,601,"SR-299 W/B","MOOSE CAMP RD",3168.00,E,N,A,-,Y,,,299,,,,,,W,N,3,0,1,1,C,-,18,,,N,H,H,A,D,H,-,D,D,0,,,Y,,Y,,-,"- ",0,1,0,0,0,0,0,0,1,"- ","- ",40.865558624267578,-121.84073638916016,SHASTA,UNINCORPORATED,-121.84074401855469,40.865547180175781
91560360,2021,2021-09-13,9135,2021-08-15,2335,019111,,7,3,5,4502,0,1,3,,2,040,"I-5 (S/B) FROM SR-44 (E/B)","I-5 S/B",1000.00,W,N,A,-,Y,,,,,,,,,,Y,2,0,1,1,A,-,01,23152,A,N,E,8,A,A,H,-,D,D,0,,,,,Y,Y,A,01,1,0,0,0,0,0,0,0,0,"- ","- ",40.584800720214844,-122.36351776123047,SHASTA,REDDING,-122.36739349365234,40.635055541992188
91560441,2021,2021-09-01,9135,2021-08-19,1120,018777,,4,1,9,4500,0,1,3,,2,602,SR-299,"MICHIGAN STREET",90.00,E,N,A,-,Y,,,,,,,,,,Y,2,0,1,1,A,-,08,22107,,N,E,B,A,A,H,-,A,D,0,,,,Y,Y,,G,27,1,0,0,0,0,0,0,0,0,"- ","- ",40.801990509033203,-121.56452941894531,SHASTA,UNINCORPORATED,-121.66396331787109,40.882080078125
91561357,2021,2021-10-26,9135,2021-08-28,1930,019030,,6,2,9,4500,0,1,1,,2,056,"I-5 S/B","TURNTABLE BAY RD",2640.00,N,N,A,-,Y,,,5,,,,,,S,Y,2,0,1,1,A,-,08,22107,,N,F,I,A,A,H,-,A,D,0,,,,Y,Y,,G,25,1,0,0,0,0,0,0,0,0,"- ","- ",40.777290344238281,-122.31948089599609,SHASTA,UNINCORPORATED,-122.31940460205078,40.777397155761719
91564106,2021,2021-09-07,9135,2021-08-28,0300,016960,,6,3,9,4500,0,1,3,,2,040,"STATE HIGHWAY 44","SILVERBRIDGE ROAD",7920.00,E,N,A,-,Y,,,44,,,,,,,Y,3,0,1,1,A,-,08,22107,,N,F,A,A,A,H,-,D,A,0,,,,,Y,,A,01,0,1,0,0,0,0,0,0,0,"- ","- ",40.547901153564453,-122.19271087646484,SHASTA,UNINCORPORATED,-122.19268798828125,40.547931671142578
91564331,2021,2021-09-07,9135,2021-09-02,1125,016461,,4,1,9,4500,0,1,1,,2,056,"I-5 S/B","FAWNRIDGE RD",1584.00,S,N,A,-,Y,,,,,,,,,,N,4,0,1,1,A,-,08,22107,,N,E,I,A,A,H,-,A,D,0,,,,,Y,,D,22,0,0,1,0,0,0,0,0,0,"- ","- ",,,SHASTA,UNINCORPORATED,,
91564380,2021,2021-09-07,9135,2021-09-02,2020,019801,,4,2,9,4500,0,1,3,,1,201,"RT 299","MC CANDLESS RD",5280.00,E,N,A,-,Y,,,,,,,,,,Y,3,0,1,1,A,-,08,22107,,N,E,I,A,A,H,-,D,D,0,,,,,Y,,A,01,0,1,0,0,0,0,0,0,0,"- ","- ",40.778118133544922,-122.98847961425781,SHASTA,UNINCORPORATED,-122.00475311279297,40.773563385009766
91564604,2021,2021-09-07,9135,2021-09-01,1545,018388,,3,2,9,4500,0,1,1,,2,053,"I-5 NORTHBOUND","DESCHUTES RD",2640.00,S,N,A,-,Y,,,5,,,,,,N,Y,4,0,1,1,A,-,01,23152,F,N,E,I,A,A,H,-,A,D,0,,,,,Y,,A,01,0,0,1,0,0,0,0,0,0,"- ","- ",40.430099487304688,-122.28431701660156,SHASTA,UNINCORPORATED,-122.28415679931641,40.430156707763672
91566578,2021,2021-09-09,9135,2021-08-04,0130,018174,,3,3,9,4500,0,1,3,,2,402,SR-44,"CHATEAU DR",25.00,W,N,A,-,Y,,,,,,,,,,Y,1,1,1,1,A,-,08,22107,,N,E,I,A,A,H,-,D,D,0,,,,,Y,Y,D,23,1,0,0,0,0,0,0,0,0,"- ","- ",40.489849090576172,-121.86911773681641,SHASTA,UNINCORPORATED,-121.89595794677734,40.489959716796875
91567219,2021,2021-09-10,9135,2021-09-08,1814,018829,,3,2,9,4500,0,1,3,,2,402,SR-44,"MONTGOMERY RD",200.00,E,N,A,-,Y,,,44,,,,,,,Y,2,0,2,1,A,-,01,23152,A,N,E,I,A,A,H,-,A,D,0,,,,,Y,Y,D,22,2,0,0,0,0,0,0,0,0,"- ","- ",40.495151519775391,-121.86769866943359,SHASTA,UNINCORPORATED,-121.86768341064453,40.495040893554688
91568425,2021,2021-09-13,9135,2021-08-17,1510,017698,,2,2,2,4501,0,1,1,,2,053,"I-5 S/B","RIVERSIDE AVENUE",500.00,S,N,A,-,Y,,,5,,,,,,S,Y,4,0,1,2,A,-,08,22107,,N,E,I,A,A,H,-,A,D,0,,,,,Y,,A,01,0,0,1,0,0,0,0,0,0,"- ","- ",40.466339111328125,-122.30564117431641,SHASTA,ANDERSON,-122.30573272705078,40.46624755859375
91568498,2021,2021-09-13,9135,2021-09-08,1705,018552,,3,2,9,4500,0,1,3,,1,401,SR-44,"ALWARD WAY",382.00,E,N,A,-,Y,,,44,,,,,,,Y,2,0,1,1,A,-,08,22107,,N,E,I,A,A,H,-,A,D,0,,,,,Y,,A,01,1,0,0,0,0,0,0,0,0,"- ","- ",40.496719360351562,-121.85935211181641,SHASTA,UNINCORPORATED,-121.85930633544922,40.496601104736328
91572051,2021,2021-09-16,9146,2021-05-24,0942,015592,,1,1,9,4500,0,1,1,,2,014,"INTERSTATE 5 SOUTHBOUND","SIMS ROAD",7392.00,S,N,A,-,Y,,,5,,,,,,S,Y,1,1,1,1,A,-,08,22107,,N,E,8,A,A,H,-,A,D,0,,,,,Y,,A,01,0,1,0,0,0,0,0,0,0,"- ","- ",41.056198120117188,-122.37590026855469,SHASTA,UNINCORPORATED,-122.37588500976562,41.056159973144531
91578973,2021,2021-09-24,9135,2021-09-15,1555,018837,,3,2,2,4501,0,1,1,,2,053,"I-5 S/B","FACTORY OUTLETS DR",200.00,S,N,B,-,Y,,,5,,,,,,S,Y,3,0,1,2,A,-,07,21658,A,N,B,C,A,A,D,-,A,D,0,,,,Y,Y,,G,25,0,1,0,0,0,0,0,0,0,"- ","- ",40.430980682373047,-122.28486633300781,SHASTA,ANDERSON,-122.28481292724609,40.430999755859375
91579328,2021,2021-09-24,9146,2021-09-18,1511,018675,,6,2,9,4500,0,1,1,,2,014,"I-5 S/B","SLATE CREEK RD",240.00,N,N,B,-,Y,,,5,,,,,,S,Y,4,0,1,1,A,-,08,22107,,N,E,I,A,B,H,-,A,D,0,,,,,Y,,A,01,0,0,1,0,0,0,0,0,0,"- ","- ",40.976249694824219,-122.43309020996094,SHASTA,UNINCORPORATED,-122.43321990966797,40.976230621337891
91579334,2021,2021-09-24,9135,2021-09-20,2000,019801,,1,2,9,4500,0,1,3,,1,201,SR-299,"BROKEN RIDGE RD",1200.00,W,N,A,-,Y,,,299,,,,,,,Y,3,0,1,1,A,-,01,23152,A,N,E,I,A,A,H,-,D,D,0,,,,,Y,Y,A,07,0,1,0,0,0,0,0,0,0,"- ","- ",40.747489929199219,-122.05445098876953,SHASTA,UNINCORPORATED,-122.05447387695312,40.74749755859375
91579569,2021,2021-09-27,9135,2021-09-22,1800,018866,,3,2,9,4500,0,3,5,,2,002,"BIG BEND RD","HAGEN FLAT RD",2640.00,S,N,A,-,N,,,,,,,,,,N,2,0,1,1,A,-,03,22350,,N,E,I,A,A,H,-,A,D,0,,,Y,,Y,,C,02,1,0,0,0,0,0,0,0,1,"- ","- ",40.009048461914062,-121.91226196289062,SHASTA,UNINCORPORATED,-121.91122436523438,41.009410858154297
91579575,2021,2021-09-27,9135,2021-09-23,2040,020361,,4,2,9,4500,0,1,3,,2,303,SR-36,"GOLDSBOROUGH GULCH",6442.00,E,N,A,-,N,,,36,,,,,,,Y,2,0,1,1,A,-,08,22107,,N,E,I,A,C,H,-,D,D,0,,,,,Y,,A,07,1,0,0,0,0,0,0,0,0,"- ","- ",40.355110168457031,-122.86302947998047,SHASTA,UNINCORPORATED,-122.86302947998047,40.355060577392578
91579610,2021,2021-09-27,9146,2021-09-18,1510,018675,,6,2,9,4500,0,1,1,,2,014,"I-5 S/B","SLATE CREEK",235.00,N,N,B,-,Y,,,5,,,,,,S,Y,3,0,2,1,A,-,08,22107,,N,E,J,A,B,H,-,A,D,0,,,,,Y,,A,07,0,2,0,0,0,0,0,0,0,"- ","- ",40.976211547851562,-122.43338775634766,SHASTA,UNINCORPORATED,-122.43321990966797,40.976234436035156
91579737,2021,2021-09-27,9135,2021-09-24,1610,016087,,5,2,9,4500,0,3,5,,2,003,"HAPPY VALLEY RD","FUZZY LANE",0.00,,Y,A,-,N,,,,,,,,,,Y,4,0,1,2,A,-,03,22350,,N,C,C,A,A,H,-,A,D,0,,,,,Y,,D,22,0,0,1,0,0,0,0,0,0,"- ","- ",40.470668792724609,-122.39859771728516,SHASTA,UNINCORPORATED,-122.39859771728516,40.470607757568359
91580542,2021,2021-09-27,9146,2021-09-18,1310,015592,,6,1,9,4500,0,1,1,,2,014,"INTERSTATE 5","SIMS ROAD",4752.00,S,N,B,C,Y,,,5,,,,,,,Y,3,0,1,2,A,-,03,22350,,N,D,C,A,B,H,-,A,D,0,,,,Y,Y,,A,01,0,1,0,0,0,0,0,0,0,"- ","- ",41.062469482421875,-122.3697509765625,SHASTA,UNINCORPORATED,-122.3697509765625,41.062473297119141
91580578,2021,2021-09-27,9146,2021-09-19,1520,017955,,7,2,9,4500,0,1,1,,2,014,I-5,"SHOTGUN CREEK",1120.00,N,N,A,-,Y,,,5,,,,,,,Y,4,0,1,2,A,-,07,21658,A,N,B,C,A,A,H,-,A,D,0,,,,,Y,Y,D,22,0,0,1,0,0,0,0,0,0,"- ","- ",41.055438995361328,-122.37773132324219,SHASTA,UNINCORPORATED,-122.37775421142578,41.05548095703125
91582357,2021,2021-09-29,9135,2021-09-25,0030,019801,,6,3,9,4500,0,1,3,,2,402,SR-44,"BROKEOFF MEADOWS RD",345.00,E,N,A,-,Y,,,44,,,,,,,Y,4,0,1,1,A,-,08,22107,,N,E,I,A,A,H,-,D,D,0,,,,,Y,,A,01,0,0,1,0,0,0,0,0,0,"- ","- ",40.51934814453125,-121.681396484375,SHASTA,UNINCORPORATED,-121.68143463134766,40.519363403320312
91587304,2021,2021-10-04,9135,2021-09-21,0510,017428,,2,3,9,4500,0,1,3,,2,605,SR-299,"BUNCH GRASS LOOKOUT RD.",2112.00,W,N,A,-,N,,,,,,,,,,Y,3,0,1,1,A,-,08,22107,,N,E,I,A,A,H,-,D,D,0,,,,,Y,,D,22,0,1,0,0,0,0,0,0,0,"- ","- ",40.852371215820312,-122.76943969726562,SHASTA,UNINCORPORATED,-121.77022552490234,40.852321624755859
91587660,2021,2021-10-04,9135,2021-09-30,1442,019257,,4,2,5,4502,0,1,1,,2,054,"INTERSTATE 5 NORTHBOUND","CYPRESS AVENUE U/C",1637.00,N,N,A,-,Y,,,,,,,,,,Y,3,0,2,3,A,-,07,21658,A,N,B,C,A,A,H,-,A,D,0,,,,Y,Y,,A,08,0,2,0,0,0,0,0,0,0,"- ","- ",40.343231201171875,-122.22377777099609,SHASTA,REDDING,-122.36032104492188,40.575546264648438
91588076,2021,2021-10-05,9135,2021-09-30,0800,018433,,4,1,9,4500,0,3,5,,2,002,"VIKING WAY","AIRSTRIP RD",634.00,E,N,A,-,N,,,,,,,,,,Y,3,0,2,4,A,-,08,22107,,N,C,C,A,A,H,-,A,D,0,,,,,Y,,A,08,0,2,0,0,0,0,0,0,0,"- ","- ",,,SHASTA,UNINCORPORATED,-122.31907653808594,40.578380584716797
91588234,2021,2021-10-05,9135,2021-10-02,0531,016960,,6,3,9,4500,0,1,1,,2,055,"INTERSTATE 5 SOUTHBOUND","UNION SCHOOL ROAD",1500.00,N,N,A,-,Y,,,5,,,,,,S,Y,3,0,1,1,C,-,18,,,N,H,H,A,A,H,-,D,A,0,,,,,Y,,-,"- ",0,1,0,0,0,0,0,0,0,"- ","- ",40.686901092529297,-122.34645080566406,SHASTA,UNINCORPORATED,-122.34648895263672,40.686908721923828
91588242,2021,2021-10-05,9135,2021-10-03,1948,018866,,7,2,9,4500,0,1,3,,2,603,SR-299,"PIT NO. 1 POWERHOUSE RD",1584.00,E,N,A,-,Y,,,299,,,,,,,Y,3,0,1,1,A,-,08,22107,,N,F,A,A,A,H,-,D,D,0,,,,,Y,,A,01,0,1,0,0,0,0,0,0,0,"- ","- ",40.998958587646484,-121.49976348876953,SHASTA,UNINCORPORATED,-121.49976348876953,40.998950958251953
91589635,2021,2021-10-06,9135,2021-09-23,1125,017698,,4,1,9,4500,0,1,3,,1,401,SR-44,"WILSON HILL ROAD",0.00,,Y,A,-,Y,,,44,,,,,,,Y,2,0,1,2,A,-,09,21802,A,N,D,C,A,A,H,-,A,A,0,,,,,Y,,A,01,1,0,0,0,0,0,0,0,0,"- ","- ",40.492641448974609,-121.88693237304688,SHASTA,UNINCORPORATED,-121.88691711425781,40.492538452148438
91589661,2021,2021-10-06,9135,2021-10-01,1855,019257,,5,2,5,4502,0,3,5,,2,004,"KNIGHTON ROAD","CHURN CREEK ROAD",0.00,,Y,A,-,N,,,,,,,,,,Y,3,0,2,2,A,-,17,21451,A,N,A,C,A,A,H,-,B,A,0,,,,,Y,,D,22,0,2,0,0,0,0,0,0,0,"- ","- ",40.302978515625,-122.19271850585938,SHASTA,REDDING,-122.33362579345703,40.505653381347656
91589734,2021,2021-10-06,9135,2021-10-05,0540,018837,,2,3,9,4500,0,3,5,,2,001,"JFK MEMORIAL ROAD",SR-299,580.00,S,N,B,-,N,,,,,,,,,,Y,3,0,1,1,A,-,08,22107,,N,E,I,A,A,H,-,D,D,0,,,,,Y,,D,22,0,1,0,0,0,0,0,0,0,"- ","- ",40.613849639892578,-122.52115631103516,SHASTA,UNINCORPORATED,-122.52097320556641,40.614021301269531
91592924,2021,2021-10-11,9135,2021-09-27,0042,018777,,1,3,9,4500,0,1,3,,2,602,SR-299,"BLACK RANCH ROAD",3168.00,E,N,A,-,Y,,,299,,,,,,,Y,2,0,2,2,A,-,08,22107,,N,A,2,A,C,H,-,A,D,0,,,,,Y,,A,07,1,1,0,0,0,0,0,0,0,"- ","- ",40.902961730957031,-121.64055633544922,SHASTA,UNINCORPORATED,-121.64069366455078,40.903083801269531
91592931,2021,2021-10-11,9135,2021-09-28,0755,017855,,2,1,5,4502,0,1,3,,2,040,"SR-44 W/B","SUNDIAL BRIDGE DRIVE",60.00,W,N,A,-,Y,,,44,,,,,,W,Y,4,0,1,5,A,-,03,22350,,N,C,C,A,A,H,-,A,D,0,,,,,Y,,A,01,0,0,1,0,0,0,0,0,0,"- ","- ",40.58673095703125,-122.37876892089844,SHASTA,REDDING,-122.37876892089844,40.586704254150391
91593519,2021,2021-10-11,9135,2021-10-05,2025,019111,,2,2,9,4500,0,1,3,,1,201,SR-299,"RIVER OAKS PLACE",2640.00,W,N,A,-,Y,,,299,,,,,,,Y,3,0,1,1,A,-,08,22107,,N,E,8,A,A,H,-,D,D,0,,,,,Y,,A,07,0,1,0,0,0,0,0,0,0,"- ","- ",40.655521392822266,-122.21571350097656,SHASTA,UNINCORPORATED,-122.21563720703125,40.65545654296875
91593523,2021,2021-10-11,9135,2021-10-06,0805,018837,,3,1,9,4500,0,3,5,,2,002,"DESCHUTES RD","CEDRO LN",425.00,N,N,B,-,N,,,,,,,,,,N,4,0,1,2,A,-,09,21804,A,N,D,C,A,A,H,-,A,D,0,,,,,Y,,A,01,0,0,1,0,0,0,0,0,0,"- ","- ",40.56072998046875,-122.23873138427734,SHASTA,UNINCORPORATED,-122.23866271972656,40.560665130615234
91593961,2021,2021-10-12,9135,2021-10-05,1140,016960,,2,1,9,4500,0,3,5,,2,004,"PONDEROSA WAY","INWOOD ROAD",5808.00,N,N,A,-,N,,,,,,,,,,Y,2,0,2,2,A,-,01,23152,A,N,A,C,A,A,H,-,A,A,0,,,,,Y,Y,A,01,2,0,0,0,0,0,0,0,0,"- ","- ",40.542449951171875,-121.91774749755859,SHASTA,UNINCORPORATED,-121.93114471435547,40.522895812988281
91596606,2021,2021-10-14,9135,2021-09-19,1800,019801,,7,2,9,4500,0,1,3,,2,402,"SR 44","BROOKSIDE MEADOWS LN",1630.00,E,N,A,-,Y,,,,,,,,,,Y,1,1,0,1,A,-,08,22107,,N,E,I,A,A,H,-,B,D,0,,,,,Y,,A,07,0,0,0,0,0,0,0,0,0,"- ","- ",40.525039672851562,-122.67726898193359,SHASTA,UNINCORPORATED,-121.67730712890625,40.524967193603516
91596645,2021,2021-10-14,9135,2021-10-02,1915,020908,,6,2,9,4500,0,3,5,,2,006,"CASSEL FALL RIVER RD","POLE LINE RD",2112.00,W,N,A,-,N,,,,,,,,,,N,2,0,1,1,A,-,08,22107,,N,F,A,A,A,H,-,D,D,0,,,Y,,Y,,C,02,1,0,0,0,0,0,0,0,1,"- ","- ",40.925830841064453,-121.46256256103516,SHASTA,UNINCORPORATED,-121.45889282226562,40.924057006835938
91596781,2021,2021-10-14,9135,2021-10-11,1910,019111,,1,2,9,4500,0,3,5,,2,002,"FERN RD  E","BRIAR LN",2112.00,S,N,A,-,N,,,,,,,,,,Y,3,0,1,1,A,-,03,22350,,N,E,I,A,A,H,-,D,D,0,,,,,Y,,A,07,0,1,0,0,0,0,0,0,0,"- ","- ",40.654888153076172,-121.88002777099609,SHASTA,UNINCORPORATED,-121.88251495361328,40.649391174316406
91598832,2021,2021-10-18,9135,2021-10-15,0300,019801,,5,3,5,4502,0,3,5,,2,003,"CHURN CREEK RD","LARIAT LN",370.00,N,N,A,-,N,,,,,,,,,,N,4,0,1,1,A,-,08,22107,,N,E,I,A,A,H,-,D,D,0,,,,,Y,,D,22,0,0,1,0,0,0,0,0,0,"- ","- ",40.533500671386719,-122.33377838134766,SHASTA,REDDING,-122.33385467529297,40.533470153808594
91603712,2021,2021-10-22,9146,2021-10-18,0215,019430,,1,3,9,4500,0,1,1,,2,013,"I-5 N/B","SIMS RD.",4000.00,N,N,B,C,Y,,,5,,,,,,N,Y,3,0,1,1,A,-,08,22107,,N,E,I,A,B,H,-,D,D,0,,,,,Y,,A,07,0,1,0,0,0,0,0,0,0,"- ","- ",41.082408905029297,-122.35440826416016,SHASTA,UNINCORPORATED,-122.35445404052734,41.082496643066406
91605040,2021,2021-10-25,9135,2021-10-11,1723,017698,,1,2,5,4502,0,1,1,,2,053,"I-5 SOUTHBOUND","MAIN STREET (COTTONWOOD)",330.00,S,N,A,-,Y,,,,,,,,,,Y,2,0,1,1,D,-,00,,,N,E,I,A,A,H,-,A,D,0,,,,,Y,,-,"- ",1,0,0,0,0,0,0,0,0,"- ","- ",40.4031982421875,-122.28183746337891,SHASTA,REDDING,-121.88219451904297,38.797393798828125
91605045,2021,2021-10-25,9135,2021-10-12,0727,017428,,2,1,9,4500,0,1,1,,2,056,"I-5 S/B","OBRIEN ROAD",4224.00,N,N,A,-,Y,,,5,,,,,,S,Y,4,0,1,1,A,-,08,22107,,N,E,I,A,A,H,-,A,D,0,,,,,Y,,D,22,0,0,1,0,0,0,0,0,0,"- ","- ",40.817218780517578,-122.3240966796875,SHASTA,UNINCORPORATED,-122.32399749755859,40.817237854003906
91606634,2021,2021-10-26,9135,2021-10-23,1530,019257,,6,2,9,4500,0,1,1,,2,056,"INTERSTATE 5","TURNTABLE BAY ROAD O/C",1160.00,S,N,C,-,Y,,,5,,,,,,,Y,3,0,3,1,A,-,03,22350,,N,E,I,A,B,H,-,A,D,0,,,,,Y,,A,01,0,1,2,0,0,0,0,0,0,"- ","- ",40.769699096679688,-122.31455230712891,SHASTA,UNINCORPORATED,-122.31449890136719,40.769630432128906