CASE_ID,ACCIDENT_YEAR,PROC_DATE,JURIS,COLLISION_DATE,COLLISION_TIME,OFFICER_ID,REPORTING_DISTRICT,DAY_OF_WEEK,CHP_SHIFT,POPULATION,CNTY_CITY_LOC,SPECIAL_COND,BEAT_TYPE,CHP_BEAT_TYPE,CITY_DIVISION_LAPD,CHP_BEAT_CLASS,BEAT_NUMBER,PRIMARY_RD,SECONDARY_RD,DISTANCE,DIRECTION,INTERSECTION,WEATHER_1,WEATHER_2,STATE_HWY_IND,CALTRANS_COUNTY,CALTRANS_DISTRICT,STATE_ROUTE,ROUTE_SUFFIX,POSTMILE_PREFIX,POSTMILE,LOCATION_TYPE,RAMP_INTERSECTION,SIDE_OF_HWY,TOW_AWAY,COLLISION_SEVERITY,NUMBER_KILLED,NUMBER_INJURED,PARTY_COUNT,PRIMARY_COLL_FACTOR,PCF_CODE_OF_VIOL,PCF_VIOL_CATEGORY,PCF_VIOLATION,PCF_VIOL_SUBSECTION,HIT_AND_RUN,TYPE_OF_COLLISION,MVIW,PED_ACTION,ROAD_SURFACE,ROAD_COND_1,ROAD_COND_2,LIGHTING,CONTROL_DEVICE,CHP_ROAD_TYPE,PEDESTRIAN_ACCIDENT,BICYCLE_ACCIDENT,MOTORCYCLE_ACCIDENT,TRUCK_ACCIDENT,NOT_PRIVATE_PROPERTY,ALCOHOL_INVOLVED,STWD_VEHTYPE_AT_FAULT,CHP_VEHTYPE_AT_FAULT,COUNT_SEVERE_INJ,COUNT_VISIBLE_INJ,COUNT_COMPLAINT_PAIN,COUNT_PED_KILLED,COUNT_PED_INJURED,COUNT_BICYCLIST_KILLED,COUNT_BICYCLIST_INJURED,COUNT_MC_KILLED,COUNT_MC_INJURED,PRIMARY_RAMP,SECONDARY_RAMP,LATITUDE,LONGITUDE,COUNTY,CITY,POINT_X,POINT_Y
91607372,2021,2021-10-27,9135,2021-10-21,1525,019065,,4,2,9,4500,0,3,5,,2,004,"AIRPORT ROAD","BILLY JEAN LANE",100.00,S,N,B,C,N,,,,,,,,,,N,4,0,1,2,A,-,03,22350,,N,C,C,A,B,H,-,A,D,0,,,,,Y,,A,01,0,0,1,0,0,0,0,0,0,"- ","- ",40.548431396484375,-122.30280303955078,SHASTA,UNINCORPORATED,-122.30282592773438,40.548526763916016
91608468,2021,2021-10-28,9135,2021-10-25,1705,019030,,1,2,9,4500,0,3,5,,2,001,"LAKE BLVD","MACS RD",304.00,S,N,B,-,N,,,,,,,,,,Y,4,0,1,1,A,-,08,22107,,N,E,I,A,B,H,-,A,D,0,,,,,Y,,A,07,0,0,1,0,0,0,0,0,0,"- ","- ",40.638778686523438,-122.40171813964844,SHASTA,UNINCORPORATED,-122.40171813964844,40.638935089111328
91610740,2021,2021-10-29,9146,2021-10-23,2350,019230,,6,3,9,4500,0,1,1,,2,014,"I-5 S/B","SLATE CREEK",20.00,N,N,C,-,Y,,,5,,,,,,S,Y,4,0,1,1,A,-,03,22350,,N,E,I,A,B,H,-,D,D,0,,,,,Y,,A,01,0,0,1,0,0,0,0,0,0,"- ","- ",40.975669860839844,-122.43316650390625,SHASTA,UNINCORPORATED,-122.43309020996094,40.975704193115234
91611917,2021,2021-11-01,9135,2021-10-15,2500,017698,,5,4,9,4500,0,1,3,,2,402,"WILSON HILL ROAD","SHORT HILL ROAD",60.00,W,N,A,-,N,,,,,,,,,,Y,3,0,1,1,A,-,08,22107,,N,E,I,A,A,H,-,D,D,0,,,,,Y,Y,D,22,0,1,0,0,0,0,0,0,0,"- ","- ",40.464710235595703,-121.88233947753906,SHASTA,UNINCORPORATED,-121.88248443603516,40.464805603027344
91611922,2021,2021-11-01,9135,2021-10-23,0455,017428,,6,3,9,4500,0,1,3,,2,040,"I-5 N/B FROM SR-44 WB","WB SR-44 TRANSITION FROM HILLTOP DR.",205.00,S,N,B,C,Y,,,,,,,,,,Y,4,0,1,1,A,-,03,22350,,N,E,I,A,B,H,-,C,D,0,,,,,Y,,D,22,0,0,1,0,0,0,0,0,0,"- ","- ",40.586410522460938,-122.36032104492188,SHASTA,UNINCORPORATED,-122.36042785644531,40.584896087646484
91612064,2021,2021-11-01,9135,2021-10-27,2150,018388,,3,2,9,4500,0,1,1,,2,055,"I-5 N/B","PINE GROVE",3168.00,S,N,A,-,Y,,,,,,,,,,Y,3,0,1,1,A,-,01,23152,A,M,C,C,A,A,H,-,D,D,0,,,,,Y,Y,A,07,0,1,0,0,0,0,0,0,0,"- ","- ",40.653961181640625,-122.3597412109375,SHASTA,UNINCORPORATED,-122.35884094238281,40.655918121337891
91612099,2021,2021-11-01,9135,2021-10-29,0945,016480,,5,1,9,4500,0,1,3,,1,301,SR-299,"GRIZZLY GULCH RD",2112.00,E,N,A,-,Y,,,299,,,,,,,Y,3,0,1,1,A,-,08,22107,,N,E,I,A,A,H,-,A,A,0,,,,,Y,,A,01,0,1,0,0,0,0,0,0,0,"- ","- ",40.652481079101562,-122.58928680419922,SHASTA,UNINCORPORATED,-122.58928680419922,40.652534484863281
91612159,2021,2021-11-01,9135,2021-10-30,2315,018174,,6,3,9,4500,0,3,5,,2,004,"DESCHUTES RD","RUSTIC OAK LN",1584.00,N,N,A,-,Y,,,,,,,,,,Y,3,0,1,2,A,-,08,22107,,N,E,I,A,A,H,-,D,D,0,,,,,Y,,A,01,0,1,0,0,0,0,0,0,0,"- ","- ",40.615951538085938,-122.14034271240234,SHASTA,UNINCORPORATED,-122.23429107666016,40.616039276123047
91612176,2021,2021-11-01,9135,2021-10-31,0720,017855,,7,1,9,4500,0,1,1,,2,053,"I-5 N/B","RIVERSIDE AVE.",670.00,N,N,B,-,Y,,,5,,,,,,N,Y,2,0,1,1,A,-,08,22107,,N,E,I,A,A,H,-,B,D,0,,,,,Y,,A,01,1,0,0,0,0,0,0,0,0,"- ","- ",40.47003173828125,-122.30899810791016,SHASTA,UNINCORPORATED,-122.30902862548828,40.470005035400391
91612730,2021,2021-11-01,9135,2021-10-25,1755,018552,,1,2,9,4500,0,3,5,,2,003,"GAS POINT RD","LIBBY LANE",100.00,W,N,B,C,N,,,,,,,,,,Y,3,0,1,1,A,-,01,23152,A,N,E,I,A,B,H,-,B,D,0,,,,,Y,Y,A,01,0,1,0,0,0,0,0,0,0,"- ","- ",40.388740539550781,-122.39067077636719,SHASTA,UNINCORPORATED,-122.39064025878906,40.388679504394531
91613200,2021,2021-11-02,9135,2021-10-26,1605,019030,,2,2,9,4500,0,1,3,,1,201,SR-299,"SUGAR PINE CAMP RD",3960.00,E,N,B,C,N,,,299,,,,,,,Y,3,0,1,1,A,-,08,22107,,N,E,I,A,B,H,-,A,D,0,,,,,Y,,D,22,0,1,0,0,0,0,0,0,0,"- ","- ",40.7193603515625,-122.08219909667969,SHASTA,UNINCORPORATED,-122.08228302001953,40.719409942626953
91613874,2021,2021-11-02,9146,2021-10-30,0430,019230,,6,3,9,4500,0,1,1,,2,013,"I-5 S/B","FLUME CREEK RD",10560.00,N,N,B,C,Y,,,5,,,,,,S,N,4,0,1,2,A,-,08,22107,,M,B,C,A,B,H,-,D,D,0,,,,,Y,,-,99,0,0,1,0,0,0,0,0,0,"- ","- ",41.111778259277344,-122.32646942138672,SHASTA,UNINCORPORATED,-122.3265380859375,41.111785888671875
91617162,2021,2021-11-05,9135,2021-10-25,0530,017428,,1,3,9,4500,0,1,1,,2,056,"I-5 N/B","BRIDGE BAY RD.",1056.00,N,N,B,-,Y,,,5,,,,,,N,Y,4,0,1,1,A,-,03,22350,,N,E,I,A,B,H,-,D,D,0,,,,,Y,,A,07,0,0,1,0,0,0,0,0,0,"- ","- ",40.754058837890625,-122.32176208496094,SHASTA,UNINCORPORATED,-122.32179260253906,40.754058837890625
91617335,2021,2021-11-05,9135,2021-11-03,0733,016960,,3,1,9,4500,0,3,5,,2,002,"DESCHUTES ROAD","LOS ROBLES DRIVE",500.00,N,N,A,-,N,,,,,,,,,,Y,3,0,1,1,A,-,08,22107,,N,E,I,A,A,H,-,A,A,0,,,,,Y,,A,01,0,1,0,0,0,0,0,0,0,"- ","- ",40.581798553466797,-122.23898315429688,SHASTA,UNINCORPORATED,-122.23890686035156,40.581893920898438
91617379,2021,2021-11-05,9135,2021-10-31,1535,019111,,7,2,5,4502,0,2,S,,2,901,"CYPRESS AVE.","I-5 S/B",0.00,,Y,B,-,N,,,,,,,,,,Y,4,0,1,2,A,-,09,21453,C,N,D,C,A,A,H,-,A,A,0,,,,,Y,,J,48,0,0,1,0,0,0,0,0,0,"- ","- ",40.570980072021484,-122.36106109619141,SHASTA,REDDING,-122.36061859130859,40.571044921875
91618739,2021,2021-11-08,9135,2021-10-30,1030,017428,,6,1,9,4500,0,1,1,,2,056,"I-5 S/B","O'BRIEN RD.",1056.00,S,N,B,C,Y,,,5,,,,,,S,N,4,0,1,1,A,-,08,22107,,N,E,I,A,B,H,-,A,D,0,,,,,Y,,D,22,0,0,1,0,0,0,0,0,0,"- ","- ",40.804279327392578,-122.32562255859375,SHASTA,UNINCORPORATED,-122.32568359375,40.804328918457031
91619930,2021,2021-11-09,9135,2021-09-04,1509,018829,,6,2,9,4500,0,3,5,,2,002,"HOLIDAY ROAD","MOUNTAIN GATE RV DRIVEWAY",200.00,N,N,A,-,N,,,,,,,,,,Y,1,1,0,1,A,-,01,23152,A,N,E,I,A,A,H,-,A,D,0,,,,,Y,Y,D,22,0,0,0,0,0,0,0,0,0,"- ","- ",40.700279235839844,-122.33966064453125,SHASTA,UNINCORPORATED,,
91622528,2021,2021-11-11,9135,2021-11-10,0830,016424,,3,1,9,4500,0,3,5,,2,002,"OLD OREGON TRAIL","COLLEGE VIEW DRIVE",0.00,,Y,B,-,N,,,,,,,,,,Y,4,0,2,2,A,-,09,21802,A,N,D,C,A,B,H,-,A,D,0,,,,,Y,,-,"- ",0,0,2,0,0,0,0,0,0,"- ","- ",40.619209289550781,-122.31833648681641,SHASTA,UNINCORPORATED,-122.31842041015625,40.619232177734375
91624316,2021,2021-11-15,9135,2021-11-04,0317,018174,,4,3,9,4500,0,3,5,,2,002,"OLD 44 DR","SILVER BRIDGE RD",330.00,E,N,B,-,N,,,,,,,,,,Y,2,0,4,1,C,-,18,,,N,E,I,A,B,H,-,D,D,0,,,,,Y,,-,"- ",1,3,0,0,0,0,0,0,0,"- ","- ",40.565319061279297,-122.21289825439453,SHASTA,UNINCORPORATED,-122.21884918212891,40.565280914306641
91624493,2021,2021-11-15,9135,2021-11-09,1330,019111,,2,1,5,4502,0,1,1,,2,054,"I-5 S/B TO SR-44 E/B","I-5 S/B",260.00,W,N,B,-,Y,,,5,,,,R,,S,Y,3,0,1,1,A,-,03,22350,,N,F,A,A,B,H,-,A,D,0,,,Y,,Y,,C,02,0,1,0,0,0,0,0,0,1,"- ","- ",40.58380126953125,-122.36170196533203,SHASTA,REDDING,-122.36170196533203,40.58380126953125
91625676,2021,2021-11-16,9135,2021-11-03,1610,019030,,3,2,9,4500,0,3,5,,2,002,"BEAR MOUNTAIN RD","DANIELS LANE",0.00,,Y,A,-,N,,,,,,,,,,Y,2,0,1,2,A,-,01,23152,F,N,D,C,A,A,H,-,A,D,0,,,Y,,Y,,C,02,1,0,0,0,0,0,0,0,1,"- ","- ",40.688201904296875,-122.2816162109375,SHASTA,UNINCORPORATED,-122.28160858154297,40.688182830810547
91628399,2021,2021-11-18,9135,2021-11-07,1315,019030,,7,1,9,4500,0,3,5,,2,002,"IMMIGRANT TRL","BENT HILL RD",2640.00,E,N,B,-,N,,,,,,,,,,N,2,0,1,1,A,-,03,22350,,N,E,J,A,A,G,-,A,D,0,,,Y,,Y,,C,06,1,0,0,0,0,0,0,0,1,"- ","- ",40.504268646240234,-121.87049102783203,SHASTA,UNINCORPORATED,,
91632226,2021,2021-11-22,9135,2021-11-16,1512,018866,,2,2,9,4500,0,1,3,,2,601,SR-299,"TAMARACK RD",220.00,W,N,A,-,Y,,,299,,,,,,,Y,3,0,1,2,A,-,03,22350,,N,C,C,A,A,H,-,A,D,0,,,,,Y,,A,01,0,1,0,0,0,0,0,0,0,"- ","- ",40.873199462890625,-121.69988250732422,SHASTA,UNINCORPORATED,-121.69987487792969,40.87322998046875
91637393,2021,2021-11-29,9135,2021-11-12,2300,018174,,5,3,5,4502,0,1,1,,2,054,"I-5 S/B","HILLTOP DR",1056.00,N,N,A,-,Y,,,5,,,,,,S,Y,2,0,1,1,A,-,01,23152,A,N,E,I,A,A,H,-,D,D,0,,,,,Y,Y,D,22,1,0,0,0,0,0,0,0,0,"- ","- ",40.598121643066406,-122.36065673828125,SHASTA,REDDING,-122.36078643798828,40.598125457763672
91639717,2021,2021-12-01,9135,2021-11-25,1857,018552,,4,2,9,4500,0,1,3,,2,402,SR-44,"UP COUNTRY COURT",18.00,W,N,A,-,Y,,,44,,,,,,,Y,2,0,1,2,A,-,01,23152,A,N,C,2,A,A,H,-,D,D,0,,,,,Y,Y,A,01,1,0,0,0,0,0,0,0,0,"- ","- ",40.495159149169922,-121.86669158935547,SHASTA,UNINCORPORATED,-121.86669158935547,40.495166778564453
91639993,2021,2021-12-01,9135,2021-11-29,0547,018777,,1,3,9,4500,0,1,3,,2,603,SR-299,"HAT CREEK PARK ENTRANCE/ EXIT ROAD",306.00,E,N,B,-,Y,,,299,,,,,,,Y,4,0,1,1,A,-,08,22107,,N,E,I,A,C,H,-,D,D,0,,,,,Y,,D,22,0,0,1,0,0,0,0,0,0,"- ","- ",40.976821899414062,-121.55589294433594,SHASTA,UNINCORPORATED,-121.55587768554688,40.976741790771484
91640670,2021,2021-12-02,9135,2021-11-29,2200,018866,,1,3,9,4500,0,1,3,,2,604,SR-44,"SUGAR LOAF LN",1056.00,W,N,A,-,Y,,,44,,,,,,,Y,2,0,1,1,A,-,01,23152,F,N,E,I,A,A,H,-,D,D,0,,,,,Y,,A,01,1,0,0,0,0,0,0,0,0,"- ","- ",40.647098541259766,-121.46430206298828,SHASTA,UNINCORPORATED,-121.46430969238281,40.647102355957031
91643564,2021,2021-12-06,9135,2021-11-19,1108,018021,,5,1,9,4500,0,1,3,,1,201,SR-299,"OAK RUN RD",11616.00,W,N,B,-,Y,,,299,,,,,,,Y,3,0,1,1,A,-,03,22350,,N,E,I,A,B,H,-,A,D,0,,,,,Y,,A,01,0,1,0,0,0,0,0,0,0,"- ","- ",40.745941162109375,-122.06265258789062,SHASTA,UNINCORPORATED,-122.06265258789062,40.745941162109375
91650223,2021,2021-12-13,9135,2021-12-05,2055,019257,,7,2,5,4502,0,3,5,,2,002,"OLD OREGON TRAIL","AKRICH STREET",1214.00,E,N,A,-,N,,,,,,,,,,Y,2,0,1,1,A,-,08,22107,,N,E,I,A,A,H,-,D,D,0,,,,,Y,,A,01,1,0,0,0,0,0,0,0,0,"- ","- ",40.654350280761719,-122.33348083496094,SHASTA,REDDING,-122.333740234375,40.654121398925781
91652721,2021,2021-12-15,9135,2021-12-12,1140,018133,,7,1,9,4500,0,3,5,,2,003,"CANYON RD.","VALLEY VIEW RD.",1584.00,W,N,B,C,N,,,,,,,,,,Y,3,0,1,1,A,-,08,22107,,N,F,A,A,B,H,-,A,D,0,,,,,Y,,A,08,0,1,0,0,0,0,0,0,0,"- ","- ",40.495220184326172,-122.38610076904297,SHASTA,UNINCORPORATED,-122.38655853271484,40.494701385498047
91652740,2021,2021-12-15,9146,2021-12-06,2140,019430,,1,2,9,4500,0,1,1,,2,013,"I-5 N/B","SIMS ROAD",5280.00,N,N,B,-,Y,,,,,,,,,,Y,3,0,1,1,A,-,03,22350,,N,E,I,A,B,H,-,D,D,0,,,,,Y,,D,22,0,1,0,0,0,0,0,0,0,"- ","- ",41.849201202392578,-122.35186004638672,SHASTA,UNINCORPORATED,-122.35202789306641,41.084110260009766
91656230,2021,2021-12-20,9135,2021-12-06,1335,019101,,1,1,9,4500,0,1,1,,2,054,"PLATINA RD","GAS PIONT RD",0.00,,Y,E,-,N,,,,,,,,,,Y,3,0,1,2,A,-,09,21801,A,N,D,C,A,B,H,-,A,D,0,,,,,Y,,D,22,0,1,0,0,0,0,0,0,0,"- ","- ",40.489761352539062,-122.55004119873047,SHASTA,UNINCORPORATED,-122.55004119873047,40.489765167236328
91657620,2021,2021-12-21,9135,2021-12-20,1720,019257,,1,2,5,4502,0,1,1,,2,054,"INTERSTATE 5 N/B","CYPRESS AVENUE U/C",1795.00,N,N,A,-,Y,,,,,,,,,,Y,4,0,1,2,A,-,03,22350,,M,C,C,A,A,H,-,C,D,0,,,,,Y,,A,07,0,0,1,0,0,0,0,0,0,"- ","- ",40.343368530273438,-122.21367645263672,SHASTA,REDDING,-122.36032104492188,40.575977325439453
91660680,2021,2021-12-23,9135,2021-12-17,1645,019030,,5,2,9,4500,0,3,5,,2,001,"PLACER RD","OLNEY PARK",62.00,W,N,A,-,N,,,,,,,,,,Y,4,0,1,1,A,-,08,22107,,N,F,A,A,A,H,-,D,D,0,,,,,Y,,A,07,0,0,1,0,0,0,0,0,0,"- ","- ",40.547111511230469,-122.45783233642578,SHASTA,UNINCORPORATED,-122.45773315429688,40.54705810546875
91661314,2021,2021-12-24,9146,2021-12-23,0608,015588,,4,1,9,4500,0,1,1,,2,013,"I-5 S/B (GOLDEN STATE FREEWAY)","CASTLE CREEK RD.",3696.00,N,N,D,-,Y,,,5,,,,,,S,Y,4,0,1,1,A,-,03,22350,,N,E,I,A,C,H,-,D,D,0,,,,,Y,,A,01,0,0,1,0,0,0,0,0,0,"- ","- ",41.1514892578125,-122.30256652832031,SHASTA,UNINCORPORATED,-122.30255889892578,41.151420593261719
91662236,2021,2021-12-27,9135,2021-12-17,2303,015627,,5,3,9,4500,0,1,3,,2,605,SR-89,"BLACK ANGUS LANE",3696.00,S,N,B,-,Y,,,89,,,,,,,N,4,0,2,3,A,-,03,22350,,N,G,1,E,C,H,-,D,D,0,Y,,,Y,Y,,F,27,0,0,2,0,1,0,0,0,0,"- ","- ",40.736968994140625,-121.45744323730469,SHASTA,UNINCORPORATED,-121.45745849609375,40.736919403076172
91662260,2021,2021-12-27,9135,2021-12-15,1050,017428,,3,1,9,4500,0,3,5,,2,001,SR-151,"LAKE BLVD",5280.00,W,N,B,C,N,,,151,,,,,,,Y,4,0,1,1,A,-,01,23152,A,N,E,I,A,B,H,-,A,D,0,,,,,Y,Y,A,07,0,0,1,0,0,0,0,0,0,"- ","- ",40.692428588867188,-122.41899871826172,SHASTA,UNINCORPORATED,-122.41897583007812,40.69244384765625
91665371,2021,2022-05-10,9135,2021-12-25,1310,019257,,6,1,9,4500,0,1,3,,2,402,"STATE ROUTE 44","MILLER RANCH ROAD (WEST)",767.00,E,N,D,-,Y,,,,,,,,,,Y,2,0,5,2,A,-,05,21460,A,N,A,C,A,C,H,-,A,A,0,,,,,Y,,A,01,5,0,0,0,0,0,0,0,0,"- ","- ",40.300251007080078,-121.55422210693359,SHASTA,UNINCORPORATED,-121.95362091064453,40.510051727294922
91666579,2021,2021-12-30,9135,2021-12-29,1400,019680,,3,2,9,4500,0,1,3,,2,603,"CASSEL RD","STATE HIGHWAY 299",650.00,S,N,B,-,N,,,,,,,,,,Y,3,0,1,1,A,-,03,22350,,N,E,I,A,C,H,-,A,D,0,,,,,Y,,A,07,0,1,0,0,0,0,0,0,0,"- ","- ",41.658981323242188,-121.65898132324219,SHASTA,UNINCORPORATED,-121.57807159423828,40.960369110107422
91666807,2021,2021-12-30,9135,2021-12-22,1325,019030,,3,1,5,4502,0,1,1,,2,054,"I-5 N/B","CYPRESS AVE",2112.00,N,N,B,C,Y,,,5,,,,,,N,Y,4,0,1,2,A,-,03,22350,,N,C,C,A,B,H,-,A,D,0,,,,,Y,,A,07,0,0,1,0,0,0,0,0,0,"- ","- ",40.576129913330078,-122.3602294921875,SHASTA,REDDING,-122.36030578613281,40.576129913330078
91667372,2021,2021-12-31,9135,2021-12-24,1116,020908,,5,1,9,4500,0,1,3,,2,605,SR-89,"BLACK ANGUS LANE",3696.00,S,N,A,-,Y,,,89,,,,,,,Y,3,0,2,1,A,-,03,22350,,N,F,A,A,C,H,-,A,D,0,,,,,Y,,M,47,0,2,0,0,0,0,0,0,0,"- ","- ",40.736808776855469,-121.45687103271484,SHASTA,UNINCORPORATED,-121.45689392089844,40.736732482910156
91669649,2021,2022-01-04,9135,2021-11-11,1518,017698,,4,2,9,4500,0,3,5,,2,004,"CHESTNUT STREET","FIRST STREET",125.00,N,N,A,-,N,,,,,,,,,,N,4,0,1,2,A,-,09,21801,A,N,A,C,A,A,H,-,A,D,0,,,,,Y,,A,01,0,0,1,0,0,0,0,0,0,"- ","- ",40.385761260986328,-122.27545928955078,SHASTA,UNINCORPORATED,-122.27559661865234,40.385700225830078
91691581,2021,2022-02-02,9135,2021-11-10,2257,018174,,3,3,5,4502,0,1,1,,2,054,"I-5 N/B TO SR-44 E/B","I-5 N/B",325.00,E,N,A,-,Y,,,5,,,,R,,N,Y,1,1,0,1,A,-,01,23152,A,N,E,8,A,A,H,-,D,D,0,,,,,Y,Y,A,01,0,0,0,0,0,0,0,0,0,"- ","- ",40.583061218261719,-122.35909271240234,SHASTA,REDDING,-122.35909271240234,40.583061218261719
9235184,2021,2021-04-16,4501,2021-02-28,1318,237,A01,7,5,2,4501,0,0,0,,0,001,"NORTH ST","FREEMAN ST",0.00,,Y,A,-,N,,,,,,,,,,N,3,0,1,2,A,-,06,21755,,N,A,G,A,A,H,-,A,D,0,,,Y,,Y,,O,05,0,1,0,0,0,0,0,0,1,"- ","- ",40.431648254394531,-122.28962707519531,SHASTA,ANDERSON,-122.30040740966797,40.451320648193359
9240235,2021,2021-04-30,4501,2021-03-20,1704,236,A01,6,5,2,4501,0,0,0,,0,001,"FACTORY OUTLETS DR","RT 5",0.00,,Y,A,-,Y,SHA,2,5,-,R,4.124,R,4,N,N,2,0,1,1,D,-,00,,,N,E,I,A,A,H,-,A,D,0,,Y,,,Y,,-,"- ",1,0,0,0,0,0,1,0,0,"- ",NF,,,SHASTA,ANDERSON,-122.28591156005859,40.435100555419922
9240403,2021,2021-04-20,4501,2021-03-28,0759,230,A01,7,5,2,4501,0,0,0,,0,A01,"RT 273","MARX WY",0.00,,Y,A,-,Y,SHA,2,273,-,-,4.589,I,5,N,Y,2,0,1,3,A,-,08,22107,,N,D,C,A,A,H,-,A,D,0,,,Y,,Y,,D,22,1,0,0,0,0,0,0,0,1,"- ","- ",,,SHASTA,ANDERSON,-122.29258728027344,40.440555572509766
9240407,2021,2021-04-20,4501,2021-03-16,1227,228,A01,2,5,2,4501,0,0,0,,0,CITY,"RT 273","OX YOKE RD",40.00,N,N,A,-,Y,SHA,2,273,-,-,6.920,H,-,S,N,4,0,1,2,D,-,00,,,N,C,C,A,A,H,-,A,A,0,,,,,Y,,-,"- ",0,0,1,0,0,0,0,0,0,"- ","- ",,,SHASTA,ANDERSON,-122.32239532470703,40.464698791503906
9245600,2021,2021-04-07,4501,2021-02-06,2023,232,A01,6,5,2,4501,0,0,0,,0,A01,"RT 273","FACTORY OUTLETS DR",0.00,,Y,A,-,Y,SHA,2,273,-,-,4.290,H,-,N,Y,3,0,1,2,A,-,03,22350,,N,C,C,A,A,H,-,C,A,0,,,,,Y,,A,01,0,1,0,0,0,0,0,0,0,"- ","- ",40.436759948730469,-122.2899169921875,SHASTA,ANDERSON,-122.28986358642578,40.436664581298828
9246788,2021,2021-04-13,4501,2021-01-30,1925,230,A02,6,5,2,4501,0,0,0,,0,002,"RIVERSIDE AV","ALEXANDER AV",44.00,W,N,A,-,N,,,,,,,,,,Y,2,0,1,1,A,-,03,22350,,N,F,I,A,A,G,-,C,D,0,,,,,Y,,-,"- ",1,0,0,0,0,0,0,0,0,"- ","- ",,,SHASTA,ANDERSON,-122.30532073974609,40.469493865966797
9246796,2021,2021-04-13,4501,2021-02-15,1627,228,A02,1,5,2,4501,0,0,0,,0,CITY,"BALLS FERRY RD","MCMURRY DR",200.00,W,N,A,-,N,,,,,,,,,,Y,4,0,1,2,D,-,00,,,N,B,C,A,B,H,-,A,D,0,,,,,Y,,-,"- ",0,0,1,0,0,0,0,0,0,"- ","- ",,,SHASTA,ANDERSON,-122.29093933105469,40.452178955078125
9248550,2021,2021-04-14,4501,2021-02-15,1408,230,A01,1,5,2,4501,0,0,0,,0,001,"NORTH ST","WEST CENTER ST",0.00,,Y,A,-,N,,,,,,,,,,Y,2,0,1,1,A,-,01,23152,A,N,E,I,A,A,H,-,C,D,0,,,Y,,Y,Y,C,02,1,0,0,0,0,0,0,0,1,"- ","- ",,,SHASTA,ANDERSON,-122.30159759521484,40.450248718261719
9252327,2021,2021-04-19,4501,2021-02-15,1005,228,A01,1,5,2,4501,0,0,0,,0,CITY,"SOUTH ST","WEST CENTER ST",0.00,,Y,B,-,N,,,,,,,,,,Y,4,0,1,2,A,-,09,21804,A,N,D,C,A,B,H,-,A,D,0,,,,,Y,,A,01,0,0,1,0,0,0,0,0,0,"- ","- ",,,SHASTA,ANDERSON,-122.29834747314453,40.448005676269531
9253265,2021,2021-04-28,4501,2021-03-04,1850,235,A02,4,5,2,4501,0,0,0,,0,A02,"BALLS FERRY RD","GATEWAY DR",0.00,,Y,A,-,N,,,,,,,,,,Y,3,0,1,2,A,-,12,21453,A,N,A,C,A,A,H,-,C,A,0,,,,,Y,Y,A,01,0,1,0,0,0,0,0,0,0,"- ","- ",,,SHASTA,ANDERSON,-122.28974151611328,40.453201293945312
9253307,2021,2021-04-27,4501,2021-03-13,0226,228,A02,6,5,2,4501,0,0,0,,0,CITY,"BEARWOOD PL","STINGY LN",27.00,S,N,A,-,N,,,,,,,,,,Y,2,0,2,1,A,-,01,23153,A,F,E,I,A,A,H,-,C,D,0,,,,,Y,Y,A,01,2,0,0,0,0,0,0,0,0,"- ","- ",,,SHASTA,ANDERSON,-122.29933166503906,40.466495513916016
9256541,2021,2021-08-30,4502,2021-01-12,1144,R0078,TRF,2,5,5,4502,0,0,0,,0,006,"RT 299","BENTON DR",285.00,N,N,C,-,Y,SHA,2,273,-,-,17.880,H,-,S,Y,1,1,1,2,A,-,05,21650,,N,F,C,A,B,H,-,A,D,0,,,,,Y,,D,22,0,1,0,0,0,0,0,0,0,"- ","- ",40.599510192871094,-122.38411712646484,SHASTA,REDDING,-122.38348388671875,40.600238800048828
9257279,2021,2021-05-27,4500,2021-04-01,2326,349,S3B,4,5,2,4580,0,0,0,,0,S3B,"SHASTA DAM BL","ASHBY RD",0.00,,Y,A,-,N,,,,,,,,,,N,3,0,1,2,A,-,14,21201,D,N,H,G,A,A,H,-,C,D,0,,Y,,,Y,Y,L,04,0,1,0,0,0,0,1,0,0,"- ","- ",40.681060791015625,-122.37229156494141,SHASTA,"SHASTA LAKE",-122.37220764160156,40.681060791015625
9262198,2021,2021-05-07,4500,2021-04-23,1526,349,S3B,5,5,2,4580,0,0,0,,0,S3B,"SHASTA ST","GRAND COULEE BL",0.00,,Y,A,-,N,,,,,,,,,,N,3,0,1,2,A,-,12,22450,A,N,G,G,A,A,H,-,A,A,0,,Y,,,Y,,L,04,0,1,0,0,0,0,1,0,0,"- ","- ",40.675590515136719,-122.35604095458984,SHASTA,"SHASTA LAKE",-122.35601043701172,40.675537109375