CASE_ID,ACCIDENT_YEAR,PROC_DATE,JURIS,COLLISION_DATE,COLLISION_TIME,OFFICER_ID,REPORTING_DISTRICT,DAY_OF_WEEK,CHP_SHIFT,POPULATION,CNTY_CITY_LOC,SPECIAL_COND,BEAT_TYPE,CHP_BEAT_TYPE,CITY_DIVISION_LAPD,CHP_BEAT_CLASS,BEAT_NUMBER,PRIMARY_RD,SECONDARY_RD,DISTANCE,DIRECTION,INTERSECTION,WEATHER_1,WEATHER_2,STATE_HWY_IND,CALTRANS_COUNTY,CALTRANS_DISTRICT,STATE_ROUTE,ROUTE_SUFFIX,POSTMILE_PREFIX,POSTMILE,LOCATION_TYPE,RAMP_INTERSECTION,SIDE_OF_HWY,TOW_AWAY,COLLISION_SEVERITY,NUMBER_KILLED,NUMBER_INJURED,PARTY_COUNT,PRIMARY_COLL_FACTOR,PCF_CODE_OF_VIOL,PCF_VIOL_CATEGORY,PCF_VIOLATION,PCF_VIOL_SUBSECTION,HIT_AND_RUN,TYPE_OF_COLLISION,MVIW,PED_ACTION,ROAD_SURFACE,ROAD_COND_1,ROAD_COND_2,LIGHTING,CONTROL_DEVICE,CHP_ROAD_TYPE,PEDESTRIAN_ACCIDENT,BICYCLE_ACCIDENT,MOTORCYCLE_ACCIDENT,TRUCK_ACCIDENT,NOT_PRIVATE_PROPERTY,ALCOHOL_INVOLVED,STWD_VEHTYPE_AT_FAULT,CHP_VEHTYPE_AT_FAULT,COUNT_SEVERE_INJ,COUNT_VISIBLE_INJ,COUNT_COMPLAINT_PAIN,COUNT_PED_KILLED,COUNT_PED_INJURED,COUNT_BICYCLIST_KILLED,COUNT_BICYCLIST_INJURED,COUNT_MC_KILLED,COUNT_MC_INJURED,PRIMARY_RAMP,SECONDARY_RAMP,LATITUDE,LONGITUDE,COUNTY,CITY,POINT_X,POINT_Y
9378527,2021,2021-12-16,4502,2021-04-20,1635,524,R04,2,5,5,4502,0,0,0,,0,004,"RT 273","PARKVIEW AV",200.00,N,N,A,-,Y,SHA,2,273,-,-,15.850,H,-,N,Y,3,0,1,1,A,-,05,21650,,N,E,I,A,A,H,-,A,D,0,,,,,Y,,D,22,0,1,0,0,0,0,0,0,0,"- ","- ",40.573940277099609,-122.38780212402344,SHASTA,REDDING,-122.38743591308594,40.574501037597656
9378531,2021,2021-12-16,4502,2021-04-01,1307,523,R06,4,5,5,4502,0,0,0,,0,006,"EUREKA WY","WALNUT AV",0.00,,Y,A,-,Y,SHA,2,299,-,-,23.240,I,5,E,Y,2,0,2,2,A,-,12,21453,A,N,D,D,A,A,H,-,A,A,0,,,Y,,Y,,C,02,1,0,1,0,0,0,0,0,1,"- ","- ",40.586208343505859,-122.407958984375,SHASTA,REDDING,-122.40792846679688,40.586154937744141
9388183,2021,2022-01-11,4502,2021-04-30,1613,529,R02,5,5,5,4502,0,0,0,,0,002,"EAST CYPRESS AV","LARKSPUR LN",277.00,W,N,A,-,N,,,,,,,,,,Y,3,0,1,2,A,-,09,21804,A,N,D,C,A,A,H,-,A,D,0,,,,,Y,,A,07,0,1,0,0,0,0,0,0,0,"- ","- ",40.570869445800781,-122.35648345947266,SHASTA,REDDING,-122.35641479492188,40.571041107177734
9388187,2021,2022-01-11,4502,2021-04-23,1658,524,R05,5,5,5,4502,0,0,0,,0,005,"SHASTA ST","EAST ST",25.00,W,N,A,-,N,,,,,,,,,,Y,4,0,2,2,A,-,07,21658,A,N,B,C,A,A,H,-,A,A,0,,,Y,,Y,,A,07,0,0,2,0,0,0,0,0,2,"- ","- ",40.587001800537109,-122.38912200927734,SHASTA,REDDING,-122.38923645019531,40.586986541748047
9388190,2021,2022-01-11,4502,2021-04-19,1600,526,R01,1,5,5,4502,0,0,0,,0,001,"LAKE BL E","HILLTOP DR",108.00,W,N,A,-,N,,,,,,,,,,N,4,0,1,2,D,-,00,,,N,D,C,A,A,H,-,A,D,0,,,,,Y,,-,"- ",0,0,1,0,0,0,0,0,0,"- ","- ",40.61016845703125,-122.37394714355469,SHASTA,REDDING,-122.37434387207031,40.610076904296875
9388192,2021,2022-01-11,4502,2021-04-16,1943,167,R02,5,5,5,4502,0,0,0,,0,002,"HILLTOP DR","INDUSTRIAL ST",300.00,S,N,A,-,N,,,,,,,,,,N,4,0,1,1,A,-,01,23152,A,N,A,I,A,A,H,-,A,D,0,,,,,Y,Y,-,"- ",0,0,1,0,0,0,0,0,0,"- ","- ",40.574409484863281,-122.35820007324219,SHASTA,REDDING,-122.35797119140625,40.574565887451172
9388195,2021,2022-01-11,4502,2021-04-06,1423,167,R05,2,5,5,4502,0,0,0,,0,005,"AIRPARK DR","ROSALINE AV",309.00,W,N,A,-,N,,,,,,,,,,Y,3,0,1,2,A,-,08,22107,,N,F,E,A,A,H,-,A,D,0,,,,,Y,,A,01,0,1,0,0,0,0,0,0,0,"- ","- ",40.571041107177734,-122.39763641357422,SHASTA,REDDING,-122.39865875244141,40.571620941162109
9388196,2021,2022-01-11,4502,2021-04-06,1112,527,R07,2,5,5,4502,0,0,0,,0,007,"LAKE BL","LAKE BL 810",10.00,S,Y,A,-,N,,,,,,,,,,Y,4,0,1,2,A,-,09,21801,A,N,D,C,A,A,H,-,A,D,0,,,,,Y,,A,07,0,0,1,0,0,0,0,0,0,"- ","- ",40.618251800537109,-122.39586639404297,SHASTA,REDDING,,
9388198,2021,2022-01-12,4502,2021-04-10,1845,540,R06,6,5,5,4502,0,0,0,,0,006,"QUARTZ HILL RD","SNOW LN",25.00,W,N,A,-,N,,,,,,,,,,Y,3,0,1,1,C,-,18,,,N,E,J,A,A,C,-,A,D,0,,,,,Y,,-,"- ",0,1,0,0,0,0,0,0,0,"- ","- ",40.598529815673828,-122.40234375,SHASTA,REDDING,-122.40244293212891,40.598484039306641
9388199,2021,2022-01-12,4502,2021-04-05,1139,167,R02,1,5,5,4502,0,0,0,,0,002,"CHURN CREEK RD","EAST CYPRESS AV",144.00,S,N,A,-,N,,,,,,,,,,Y,3,0,1,3,A,-,08,22107,,N,B,E,A,A,H,-,A,D,0,,,Y,,Y,,C,02,0,1,0,0,0,0,0,0,1,"- ","- ",40.571041107177734,-122.35308837890625,SHASTA,REDDING,-122.35310363769531,40.570644378662109
9402012,2021,2022-03-08,4502,2021-05-16,0703,149,R04,7,5,5,4502,0,0,0,,0,004,"RT 273","KENYON DR",0.00,,Y,A,-,N,,,,,,,,,,Y,3,0,2,2,A,-,09,21801,,N,D,C,A,A,H,-,C,D,0,,,,,Y,,D,22,0,2,0,0,0,0,0,0,0,"- ","- ",,,SHASTA,REDDING,-122.38626861572266,40.543956756591797
9402020,2021,2022-03-03,4502,2021-05-27,2059,135,,4,5,5,4502,0,0,0,,0,,"MARKET ST","TEHAMA ST",30.00,N,N,A,-,Y,SHA,2,44,-,L,0.170,H,-,E,N,4,0,1,3,A,-,03,22350,,N,C,C,A,A,H,-,C,A,0,,,,,Y,,D,22,0,0,1,0,0,0,0,0,0,"- ","- ",40.585361480712891,-122.39129638671875,SHASTA,REDDING,-122.39128875732422,40.585372924804688
9402040,2021,2022-03-08,4502,2021-05-22,1113,523,R02,6,5,5,4502,0,0,0,,0,002,"ARCADE WY","HARTNELL AV",0.00,,Y,A,-,N,,,,,,,,,,N,4,0,1,2,A,-,10,21950,A,N,G,B,B,A,H,-,A,D,0,Y,,,,Y,,D,22,0,0,1,0,1,0,0,0,0,"- ","- ",40.563800811767578,-122.35041809082031,SHASTA,REDDING,-122.35049438476562,40.563793182373047
9402048,2021,2022-03-08,4502,2021-05-14,1238,537,R01,5,5,5,4502,0,0,0,,0,001,"OLD ALTURAS RD","SHASTA VIEW DR",0.00,,Y,A,-,N,,,,,,,,,,Y,4,0,2,2,A,-,09,21803,A,N,B,C,A,A,H,-,A,D,0,,,,Y,Y,,G,25,0,0,2,0,0,0,0,0,0,"- ","- ",40.587760925292969,-122.32479858398438,SHASTA,REDDING,-122.324951171875,40.587738037109375
9402052,2021,2022-03-08,4502,2021-05-13,0655,158,R03,4,5,5,4502,0,0,0,,0,003,"RANCHO RD","GOODWATER AV",623.00,E,N,A,-,N,,,,,,,,,,Y,2,0,1,2,A,-,01,23153,F,N,F,C,A,A,H,-,A,D,0,,,,,Y,,A,07,1,0,0,0,0,0,0,0,0,"- ","- ",40.534770965576172,-122.30278778076172,SHASTA,REDDING,-122.31241607666016,40.534717559814453
9402060,2021,2022-03-18,4502,2021-05-03,1145,527,R04,1,5,5,4502,0,0,0,,0,004,"RT 273","KENYON DR",12.00,N,N,A,-,Y,SHA,2,273,-,-,13.720,I,5,S,Y,3,0,1,2,A,-,09,21801,A,N,D,C,A,A,H,-,A,D,0,,,,,Y,,D,22,0,1,0,0,0,0,0,0,0,"- ","- ",40.543998718261719,-122.38629150390625,SHASTA,REDDING,-122.38625335693359,40.544021606445312
9402076,2021,2022-03-08,4502,2021-05-02,1326,537,R05,7,5,5,4502,0,0,0,,0,005,"COURT ST","SHASTA ST",0.00,,Y,A,-,N,,,,,,,,,,Y,4,0,1,3,A,-,12,21453,A,N,D,C,A,A,H,-,A,A,0,,,,,Y,,D,22,0,0,1,0,0,0,0,0,0,"- ","- ",40.585151672363281,-122.29657745361328,SHASTA,REDDING,-122.39656066894531,40.585159301757812
9409439,2021,2022-03-15,4501,2021-11-24,2326,221,A02,3,5,2,4501,0,0,0,,0,A02,"NORTH MARKET ST","RIVERSIDE DR",0.00,,Y,A,-,N,,,,,,,,,,Y,3,0,6,2,A,-,03,22350,,N,C,C,A,A,H,-,C,A,0,,,,,Y,,A,01,0,6,0,0,0,0,0,0,0,"- ","- ",,,SHASTA,ANDERSON,-118.791015625,34.414417266845703
9413765,2021,2022-02-28,4502,2021-05-19,0540,523,R04,3,5,5,4502,0,0,0,,0,004,"RT 273","GIRVAN RD",0.00,,Y,A,-,Y,SHA,2,273,-,-,11.570,I,5,N,N,4,0,1,2,A,-,12,21453,A,N,D,C,A,A,H,-,A,A,0,,,,,Y,,A,01,0,0,1,0,0,0,0,0,0,"- ","- ",40.513050079345703,-122.38065338134766,SHASTA,REDDING,-122.38063049316406,40.513145446777344
9413773,2021,2022-02-28,4502,2021-05-28,1205,537,R05,5,5,5,4502,0,0,0,,0,005,"MARKET ST","SHASTA ST",140.00,N,N,A,-,Y,SHA,2,44,-,L,0.070,H,-,E,N,4,0,1,2,A,-,03,22350,,F,C,C,A,A,H,-,A,D,0,,,,,Y,,A,01,0,0,1,0,0,0,0,0,0,"- ","- ",40.586910247802734,-122.39173126220703,SHASTA,REDDING,-122.39189910888672,40.586704254150391
9414822,2021,2022-02-28,4502,2021-05-29,1454,529,R01,6,5,5,4502,0,0,0,,0,001,"OLD ALTURAS RD","BRADFORD WY",0.00,,Y,A,-,N,,,,,,,,,,Y,4,0,1,2,A,-,09,21804,A,N,D,C,A,A,H,-,A,A,0,,,,,Y,,A,01,0,0,1,0,0,0,0,0,0,"- ","- ",40.587120056152344,-122.34538269042969,SHASTA,REDDING,-122.34381103515625,40.587001800537109
9414823,2021,2022-02-28,4502,2021-05-28,1328,539,R04,5,5,5,4502,0,0,0,,0,004,"WILDER DR","WILDER DR 2141",0.00,,Y,A,-,N,,,,,,,,,,Y,4,0,1,2,A,-,05,21650,,N,C,E,A,A,H,-,A,D,0,,,,,Y,,A,01,0,0,1,0,0,0,0,0,0,"- ","- ",40.521820068359375,-122.38491821289062,SHASTA,REDDING,,
9414824,2021,2022-02-28,4502,2021-05-28,1722,529,R03,5,5,5,4502,0,0,0,,0,003,"AIRPORT RD","BILLY JEAN LN",0.00,,Y,A,-,N,,,,,,,,,,Y,3,0,2,2,A,-,03,22350,,N,C,C,A,A,H,-,A,D,0,,,,,Y,,A,01,0,1,1,0,0,0,0,0,0,"- ","- ",40.551750183105469,-122.30280303955078,SHASTA,REDDING,-122.30281829833984,40.548797607421875
9414826,2021,2022-02-28,4502,2021-05-26,0816,527,R03,3,5,5,4502,0,0,0,,0,003,"CHURN CREEK RD","SHIRLEY LN",45.00,S,N,A,-,N,,,,,,,,,,Y,3,0,2,2,A,-,01,23153,A,N,C,C,A,A,H,-,A,A,0,,,,,Y,,A,01,0,1,1,0,0,0,0,0,0,"- ","- ",40.558250427246094,-122.35282897949219,SHASTA,REDDING,-122.35302734375,40.558284759521484
9414832,2021,2022-02-28,4502,2021-05-13,1543,540,R03,4,5,5,4502,0,0,0,,0,003,"HARTNELL AV","CHURN CT",1584.00,N,N,A,-,N,,,,,,,,,,Y,3,0,1,3,A,-,03,22350,,N,C,C,A,A,H,-,A,D,0,,,,,Y,,A,01,0,1,0,0,0,0,0,0,0,"- ","- ",40.563720703125,-122.33599090576172,SHASTA,REDDING,-122.33290863037109,40.563720703125
9414836,2021,2022-02-28,4502,2021-05-07,1123,529,R02,5,5,5,4502,0,0,0,,0,002,"HARTNELL AV","YANA AV",46.00,E,N,A,-,N,,,,,,,,,,Y,4,0,1,1,A,-,05,21650,,N,E,I,A,A,H,-,A,D,0,,,,,Y,,A,01,0,0,1,0,0,0,0,0,0,"- ","- ",40.563709259033203,-122.33715057373047,SHASTA,REDDING,-122.33695220947266,40.563720703125
9414839,2021,2022-02-28,4502,2021-05-04,1259,527,R04,2,5,5,4502,0,0,0,,0,004,"EASTSIDE RD","MOORE RD",98.00,S,N,A,-,N,,,,,,,,,,Y,3,0,1,2,A,-,03,22350,,N,D,F,A,A,H,-,A,D,0,,,,,Y,,A,01,0,1,0,0,0,0,0,0,0,"- ","- ",40.537391662597656,-122.38436126708984,SHASTA,REDDING,-122.38426971435547,40.537101745605469
9414840,2021,2022-02-28,4502,2021-05-01,1908,537,R03,6,5,5,4502,0,0,0,,0,003,"CHURN CREEK RD","HARPOLE RD",64.00,S,N,A,-,N,,,,,,,,,,Y,4,0,2,2,A,-,03,22350,,N,C,C,A,A,H,-,A,D,0,,,,,Y,,A,07,0,0,2,0,0,0,0,0,0,"- ","- ",40.553859710693359,-122.35298156738281,SHASTA,REDDING,-122.35294342041016,40.553646087646484
9420054,2021,2022-04-26,4502,2021-07-28,0924,26,R04,3,5,5,4502,0,0,0,,0,004,"RT 273","CEDARS RD",0.00,,Y,A,-,Y,SHA,2,273,-,-,12.720,H,-,S,N,4,0,1,2,A,-,03,22350,,N,C,C,A,A,H,-,A,A,0,,,,,Y,,A,01,0,0,1,0,0,0,0,0,0,"- ","- ",40.528911590576172,-122.38362884521484,SHASTA,REDDING,-122.38372039794922,40.529571533203125
9425739,2021,2022-04-14,4502,2021-06-30,1127,152,R02,3,5,5,4502,0,0,0,,0,002,"EAST CYPRESS AV","HILLTOP DR",0.00,,Y,A,-,N,,,,,,,,,,Y,3,0,2,2,A,-,09,21801,A,N,D,C,A,A,H,-,A,D,0,,,,,Y,,A,01,0,2,0,0,0,0,0,0,0,"- ","- ",40.571041107177734,-122.35806274414062,SHASTA,REDDING,-122.35806274414062,40.571044921875
9425741,2021,2022-04-14,4502,2021-06-29,1431,540,R01,2,5,5,4502,0,0,0,,0,001,"SPRINGER DR","SPRINGER DR 704",0.00,,Y,A,-,N,,,,,,,,,,N,3,0,1,2,C,-,18,,,N,G,B,F,A,H,-,A,D,0,Y,,,,Y,,-,"- ",0,1,0,0,1,0,0,0,0,"- ","- ",40.598251342773438,-122.34854888916016,SHASTA,REDDING,,
9425742,2021,2022-04-14,4502,2021-06-29,1922,540,R04,2,5,5,4502,0,0,0,,0,004,"SOUTH BONNYVIEW RD","RT 5",15.00,W,N,A,-,N,,,,,,,,,,Y,3,0,1,2,A,-,12,21453,A,N,D,C,A,A,H,-,A,A,0,,,,,Y,,A,01,0,1,0,0,0,0,0,0,0,"- ",SO,40.538768768310547,-122.35134887695312,SHASTA,REDDING,-122.35129547119141,40.538467407226562
9425744,2021,2022-04-14,4502,2021-06-17,1650,525,R2,4,5,5,4502,0,0,0,,0,002,"EAST CYPRESS AV","HILLTOP DR",359.00,W,N,A,-,N,,,,,,,,,,N,4,0,1,1,A,-,05,21650,I,N,E,I,A,A,H,-,A,A,0,,,,,Y,,A,01,0,0,1,0,0,0,0,0,0,"- ","- ",40.571041107177734,-122.35806274414062,SHASTA,REDDING,-122.35935211181641,40.571048736572266
9425745,2021,2022-04-14,4502,2021-06-18,1153,529,R05,5,5,5,4502,0,0,0,,0,005,"TEHAMA ST","CALIFORNIA ST",0.00,,Y,A,-,N,,,,,,,,,,N,4,0,1,2,A,-,03,22350,,N,D,C,A,A,H,-,A,A,0,,,,,Y,,A,07,0,0,1,0,0,0,0,0,0,"- ","- ",40.585029602050781,-122.39260101318359,SHASTA,REDDING,-122.39261627197266,40.585048675537109
9425746,2021,2022-04-14,4502,2021-06-03,1303,527,R06,4,5,5,4502,0,0,0,,0,006,"EUREKA WY","COURT ST",196.00,W,N,A,-,N,,,,,,,,,,Y,4,0,1,2,A,-,03,22350,,N,A,C,A,A,H,-,A,D,0,,,,,Y,,A,01,0,0,1,0,0,0,0,0,0,"- ","- ",40.586631774902344,-122.39753723144531,SHASTA,REDDING,-122.39783477783203,40.586299896240234
9425747,2021,2022-04-14,4502,2021-06-04,1604,537,R07,5,5,5,4502,0,0,0,,0,007,"LAKE BL","PANORAMA DR",618.00,E,N,A,-,N,,,,,,,,,,Y,3,0,1,1,A,-,05,21650,I,N,E,I,A,A,H,-,A,D,0,,,,,Y,,A,07,0,1,0,0,0,0,0,0,0,"- ","- ",40.618648529052734,-122.39540863037109,SHASTA,REDDING,-122.39551544189453,40.618282318115234
9425748,2021,2022-04-14,4502,2021-06-05,1037,529,R05,6,5,5,4502,0,0,0,,0,002,"TEHAMA ST","COURT ST",0.00,,Y,A,-,N,,,,,,,,,,Y,3,0,2,2,A,-,01,23153,A,N,D,C,A,A,H,-,A,A,0,,,Y,,Y,Y,C,02,0,2,0,0,0,0,0,0,1,"- ","- ",40.584159851074219,-122.39615631103516,SHASTA,REDDING,-122.39614868164062,40.584140777587891
9425749,2021,2022-04-14,4502,2021-06-07,1950,524,R05,1,5,5,4502,0,0,0,,0,005,"PINE ST","PLACER ST",0.00,,Y,A,-,N,,,,,,,,,,Y,4,0,1,2,A,-,12,21453,A,N,D,C,A,A,H,-,B,A,0,,,,,Y,,A,01,0,0,1,0,0,0,0,0,0,"- ","- ",40.582710266113281,-122.38873291015625,SHASTA,REDDING,-122.38877105712891,40.58270263671875
9425751,2021,2022-04-14,4502,2021-06-10,0503,185,,4,5,5,4502,0,0,0,,0,007,"REDWOOD BL","NORTHPOINT DR",1334.00,N,N,A,-,N,,,,,,,,,,Y,4,0,1,1,A,-,07,21658,A,N,E,I,A,A,H,-,D,D,0,,,,,Y,,A,01,0,0,1,0,0,0,0,0,0,"- ","- ",,,SHASTA,REDDING,-122.37480926513672,40.61712646484375
9425753,2021,2022-04-14,4502,2021-06-29,1932,524,R02,2,5,5,4502,0,0,0,,0,002,"REGAL AV","MINOR ST",500.00,N,N,A,-,N,,,,,,,,,,Y,3,0,1,2,A,-,01,23152,A,N,D,E,A,A,H,-,B,D,0,,,,,Y,,A,08,0,1,0,0,0,0,0,0,0,"- ","- ",40.566680908203125,-122.34324645996094,SHASTA,REDDING,-122.34297943115234,40.567348480224609
9426133,2021,2022-05-02,4502,2021-06-12,1115,537,R07,6,5,5,4502,0,0,0,,0,007,"LAKE BL","MAGNUMS WY",200.00,S,N,A,-,N,,,,,,,,,,N,4,0,1,2,A,-,03,22350,,N,C,C,A,A,H,-,A,D,0,,,,,Y,,D,22,0,0,1,0,0,0,0,0,0,"- ","- ",40.623779296875,-122.40473937988281,SHASTA,REDDING,-122.40446472167969,40.62371826171875
9426134,2021,2022-04-22,4502,2021-06-04,1357,539,R07,5,5,5,4502,0,0,0,,0,007,"TWIN VIEW BL","NORTH MARKET ST",117.00,E,N,A,-,N,,,,,,,,,,Y,3,0,3,2,A,-,05,21650,,N,D,C,A,A,H,-,A,D,0,,,,,Y,,D,22,0,3,0,0,0,0,0,0,0,"- ","- ",40.614601135253906,-122.37431335449219,SHASTA,REDDING,-122.37490081787109,40.613380432128906
9426142,2021,2022-04-22,4502,2021-06-03,1811,540,R07,4,5,5,4502,0,0,0,,0,007,"LAKE BL","NORTH MARKET ST",75.00,W,N,A,-,N,,,273,,,,,,,Y,4,0,1,4,A,-,03,22350,,N,C,C,A,A,H,-,A,A,0,,,,,Y,,D,22,0,0,1,0,0,0,0,0,0,"- ","- ",40.609428405761719,-122.37663269042969,SHASTA,REDDING,-122.37671661376953,40.609439849853516
9426146,2021,2022-04-22,4502,2021-06-03,1513,525,R07,4,5,5,4502,0,0,0,,0,007,"LAKE BL","ST NICHOLAS AV",5.00,W,N,A,-,N,,,,,,,,,,N,4,0,1,2,A,-,09,21801,A,N,D,C,A,A,H,-,A,D,0,,,,,Y,,D,22,0,0,1,0,0,0,0,0,0,"- ","- ",40.619178771972656,-122.39743041992188,SHASTA,REDDING,-122.39742279052734,40.619178771972656
9429102,2021,2022-05-02,4502,2021-06-23,1344,524,R02,3,5,5,4502,0,0,0,,0,002,"EAST CYPRESS AV","LARKSPUR LN",318.00,W,N,A,-,N,,,,,,,,,,N,3,0,1,2,A,-,05,21650,1,N,B,G,A,A,H,-,A,D,0,,Y,,,Y,,L,04,0,1,0,0,0,0,1,0,0,"- ","- ",40.570869445800781,-122.35727691650391,SHASTA,REDDING,-122.3565673828125,40.571041107177734
9429104,2021,2022-05-02,4502,2021-06-21,1229,527,R05,1,5,5,4502,0,0,0,,0,005,"PLACER ST","BUENAVENTURA BL",192.00,E,N,A,-,N,,,,,,,,,,Y,4,0,2,4,A,-,03,22350,,N,C,C,A,A,H,-,A,A,0,,,,,Y,,A,01,0,0,2,0,0,0,0,0,0,"- ","- ",40.574260711669922,-122.41867828369141,SHASTA,REDDING,-122.41806793212891,40.574409484863281
9433701,2021,2022-10-14,4502,2021-12-25,1834,529,R03,6,5,5,4502,0,0,0,,0,003,"SHASTA VIEW DR","RANCHO RD",0.00,,Y,C,-,N,,,,,,,,,,Y,3,0,3,2,A,-,09,21804,A,N,D,C,A,B,H,-,C,A,0,,,,,Y,,A,07,0,1,2,0,0,0,0,0,0,"- ","- ",40.534751892089844,-122.3177490234375,SHASTA,REDDING,-122.3177490234375,40.534732818603516
9433705,2021,2022-10-14,4502,2021-12-26,1623,529,R07,7,5,5,4502,0,0,0,,0,007,"LAKE BL","KESWICK DAM RD",0.00,,Y,C,-,N,,,,,,,,,,Y,4,0,1,2,A,-,09,21804,A,N,D,C,A,B,H,-,A,D,0,,,,,Y,,A,01,0,0,1,0,0,0,0,0,0,"- ","- ",40.625648498535156,-122.40505218505859,SHASTA,REDDING,-122.40505218505859,40.625621795654297
9433709,2021,2022-10-13,4502,2021-12-31,1015,522,R02,5,5,5,4502,0,0,0,,0,002,"LARKSPUR LN","CYPRESS AV",0.00,,Y,A,-,N,,,,,,,,,,Y,3,0,2,2,A,-,12,21453,A,N,D,C,A,A,H,-,A,A,0,,,,,Y,,A,07,0,1,1,0,0,0,0,0,0,"- ","- ",40.571018218994141,-122.35547637939453,SHASTA,REDDING,-122.35541534423828,40.571037292480469
9433717,2021,2022-10-13,4502,2021-12-07,0745,539,R07,2,5,5,4502,0,0,0,,0,007,"LAKE BL","TAMARACK DR",19.00,E,N,A,-,N,,,,,,,,,,Y,3,0,2,3,A,-,12,21453,A,N,D,C,A,B,H,-,A,A,0,,,,,Y,,A,01,0,1,1,0,0,0,0,0,0,"- ","- ",40.620491027832031,-122.4002685546875,SHASTA,REDDING,-122.40034484863281,40.620529174804688
9433754,2021,2022-10-17,4502,2021-12-01,1143,526,R02,3,5,5,4502,0,0,0,,0,002,"CHURN CREEK RD","HARTNELL AV",234.00,S,N,A,-,N,,,,,,,,,,Y,2,0,1,2,A,-,09,21804,A,N,D,G,A,A,H,-,A,D,0,,Y,,,Y,,L,04,1,0,0,0,0,0,1,0,0,"- ","- ",40.563808441162109,-122.3531494140625,SHASTA,REDDING,-122.35311889648438,40.563179016113281
9433940,2021,2022-05-27,4502,2021-08-12,1318,523,,4,5,5,4502,0,0,0,,0,,"EUREKA WY","PIONEER DR",0.00,,Y,A,-,Y,SHA,2,299,-,-,23.240,I,5,W,N,4,0,2,2,A,-,12,21453,A,N,D,C,A,A,H,-,A,A,0,,,,,Y,,A,01,0,0,2,0,0,0,0,0,0,"- ","- ",40.586208343505859,-122.407958984375,SHASTA,REDDING,-122.40797424316406,40.586246490478516
9435403,2021,2022-04-27,4502,2021-07-20,1256,174,R07,2,5,5,4502,0,0,0,,0,007,"CATERPILLAR RD","RT 273",0.00,,Y,A,-,Y,SHA,2,273,-,-,19.770,I,5,S,Y,4,0,1,2,A,-,01,23152,A,N,D,C,A,A,H,-,A,A,0,,,,,Y,Y,D,22,0,0,1,0,0,0,0,0,0,"- ","- ",40.625419616699219,-122.3709716796875,SHASTA,REDDING,-122.37108612060547,40.625411987304688
9435423,2021,2022-04-27,4502,2021-07-06,0941,173,R05,2,5,5,4502,0,0,0,,0,005,"PINE ST","SHASTA ST",0.00,,Y,A,-,Y,SHA,2,44,-,L,0.169,I,5,W,Y,3,0,1,2,A,-,12,21453,A,N,D,C,A,A,H,-,A,A,0,,,,,Y,,-,"- ",0,1,0,0,0,0,0,0,0,"- ","- ",40.586448669433594,-122.39057922363281,SHASTA,REDDING,-122.39042663574219,40.586692810058594
9435431,2021,2022-05-02,4502,2021-07-06,1543,527,R06,2,5,5,4502,0,0,0,,0,006,"EAST ST PVT","TEHAMA ST",0.00,,Y,A,-,N,,,,,,,,,,Y,3,0,1,2,A,-,12,21453,A,N,D,C,A,A,H,-,A,A,0,,,,,Y,,D,22,0,1,0,0,0,0,0,0,0,"- ","- ",40.586009979248047,-122.38867950439453,SHASTA,REDDING,-122.38871002197266,40.586032867431641
9435904,2021,2022-04-26,4502,2021-07-30,1716,537,R01,5,5,5,4502,0,0,0,,0,001,"CHURN CREEK RD","DANA DR",80.00,S,N,A,-,N,,,,,,,,,,N,4,0,2,2,A,-,03,22350,,N,C,C,A,A,H,-,A,A,0,,,,,Y,,A,07,0,0,2,0,0,0,0,0,0,"- ","- ",40.586181640625,-122.35147094726562,SHASTA,REDDING,-122.35170745849609,40.586021423339844
9435906,2021,2022-04-26,4502,2021-07-26,1616,540,R04,1,5,5,4502,0,0,0,,0,004,"GIRVAN RD","EASTSIDE RD",0.00,,Y,A,-,N,,,,,,,,,,N,3,0,1,2,A,-,12,22450,A,F,D,C,A,A,D,-,A,D,0,,,,,Y,,A,01,0,1,0,0,0,0,0,0,0,"- ","- ",40.513019561767578,-122.38004302978516,SHASTA,REDDING,-122.38011932373047,40.513050079345703