CASE_ID,ACCIDENT_YEAR,PROC_DATE,JURIS,COLLISION_DATE,COLLISION_TIME,OFFICER_ID,REPORTING_DISTRICT,DAY_OF_WEEK,CHP_SHIFT,POPULATION,CNTY_CITY_LOC,SPECIAL_COND,BEAT_TYPE,CHP_BEAT_TYPE,CITY_DIVISION_LAPD,CHP_BEAT_CLASS,BEAT_NUMBER,PRIMARY_RD,SECONDARY_RD,DISTANCE,DIRECTION,INTERSECTION,WEATHER_1,WEATHER_2,STATE_HWY_IND,CALTRANS_COUNTY,CALTRANS_DISTRICT,STATE_ROUTE,ROUTE_SUFFIX,POSTMILE_PREFIX,POSTMILE,LOCATION_TYPE,RAMP_INTERSECTION,SIDE_OF_HWY,TOW_AWAY,COLLISION_SEVERITY,NUMBER_KILLED,NUMBER_INJURED,PARTY_COUNT,PRIMARY_COLL_FACTOR,PCF_CODE_OF_VIOL,PCF_VIOL_CATEGORY,PCF_VIOLATION,PCF_VIOL_SUBSECTION,HIT_AND_RUN,TYPE_OF_COLLISION,MVIW,PED_ACTION,ROAD_SURFACE,ROAD_COND_1,ROAD_COND_2,LIGHTING,CONTROL_DEVICE,CHP_ROAD_TYPE,PEDESTRIAN_ACCIDENT,BICYCLE_ACCIDENT,MOTORCYCLE_ACCIDENT,TRUCK_ACCIDENT,NOT_PRIVATE_PROPERTY,ALCOHOL_INVOLVED,STWD_VEHTYPE_AT_FAULT,CHP_VEHTYPE_AT_FAULT,COUNT_SEVERE_INJ,COUNT_VISIBLE_INJ,COUNT_COMPLAINT_PAIN,COUNT_PED_KILLED,COUNT_PED_INJURED,COUNT_BICYCLIST_KILLED,COUNT_BICYCLIST_INJURED,COUNT_MC_KILLED,COUNT_MC_INJURED,PRIMARY_RAMP,SECONDARY_RAMP,LATITUDE,LONGITUDE,COUNTY,CITY,POINT_X,POINT_Y
9435907,2021,2022-04-26,4502,2021-07-25,2002,178,R02,7,5,5,4502,0,0,0,,0,002,"HARTNELL AV","BECHELLI LN",564.00,W,N,A,-,N,,,,,,,,,,Y,2,0,1,1,A,-,03,22350,,N,F,J,A,A,H,-,A,D,0,,,,,Y,,A,01,1,0,0,0,0,0,0,0,0,"- ","- ",40.563800811767578,-122.3626708984375,SHASTA,REDDING,-122.36466217041016,40.563716888427734
9435913,2021,2022-04-25,4502,2021-07-05,1657,527,R05,1,5,5,4502,0,0,0,,0,005,"FOOTHILL BL","GREENSTONE PL",11.00,W,N,A,-,N,,,,,,,,,,N,4,0,1,1,A,-,13,22515,A,N,E,I,A,A,H,-,A,D,0,,,,,Y,,A,01,0,0,1,0,0,0,0,0,0,"- ","- ",40.582599639892578,-122.42095947265625,SHASTA,REDDING,-122.42099761962891,40.582588195800781
9435914,2021,2022-04-25,4502,2021-07-05,2018,525,R01,1,5,5,4502,0,0,0,,0,001,"TANGLEWOOD DR","COFFEE BERRY LN",24.00,E,N,A,-,N,,,,,,,,,,N,3,0,1,1,A,-,01,23152,A,N,H,A,A,A,H,-,A,D,0,,,Y,,Y,Y,C,02,0,1,0,0,0,0,0,0,1,"- ","- ",40.597858428955078,-122.3543701171875,SHASTA,REDDING,-122.35428619384766,40.597835540771484
9435915,2021,2022-05-11,4502,2021-07-03,0208,167,R03,6,5,5,4502,0,0,0,,0,003,"VICTOR AV","EL VISTA AV",0.00,,Y,A,-,N,,,,,,,,,,N,3,0,1,2,A,-,03,22350,,N,C,C,A,A,H,-,C,A,0,,,,,Y,,A,01,0,1,0,0,0,0,0,0,0,"- ","- ",40.549591064453125,-122.33666229248047,SHASTA,REDDING,-122.33641052246094,40.544792175292969
9435916,2021,2022-04-25,4502,2021-07-02,1222,539,R03,5,5,5,4502,0,0,0,,0,003,"SATURN SKWY","SHASTA VIEW DR",18.00,W,N,A,-,N,,,,,,,,,,N,4,0,1,1,C,-,18,,,N,E,I,A,A,H,-,A,D,0,,,,,Y,,-,"- ",0,0,1,0,0,0,0,0,0,"- ","- ",40.55609130859375,-122.32183074951172,SHASTA,REDDING,-122.32187652587891,40.556087493896484
9439037,2021,2022-05-25,4502,2021-08-07,1134,537,R06,6,5,5,4502,0,0,0,,0,006,"EUREKA WY","MARKET ST",0.00,,Y,F,-,Y,SHA,2,44,-,L,0.001,I,5,E,Y,3,0,1,2,A,-,12,21453,A,N,D,C,A,A,H,-,A,A,0,,,,,Y,,D,22,0,1,0,0,0,0,0,0,0,"- ","- ",40.587669372558594,-122.39228057861328,SHASTA,REDDING,-122.39228057861328,40.587608337402344
9439038,2021,2022-05-24,4502,2021-08-02,1759,525,R02,1,5,5,4502,0,0,0,,0,002,"EAST CYPRESS AV","HILLTOP DR",325.00,E,N,A,-,N,,,,,,,,,,N,4,0,1,2,A,-,03,22350,,N,C,C,A,A,H,-,A,A,0,,,,,Y,,A,01,0,0,1,0,0,0,0,0,0,"- ","- ",40.571041107177734,-122.35806274414062,SHASTA,REDDING,-122.35688781738281,40.571044921875
9439050,2021,2022-05-24,4502,2021-08-15,1749,537,R07,7,5,5,4502,0,0,0,,0,007,"TWIN VIEW BL","MIDWAY DR",720.00,N,N,A,-,N,,,,,,,,,,Y,4,0,1,1,A,-,05,21650,,N,E,I,A,A,C,-,A,D,0,,,,,Y,,D,22,0,0,1,0,0,0,0,0,0,"- ","- ",40.622348785400391,-122.368896484375,SHASTA,REDDING,-122.36963653564453,40.621749877929688
9445346,2021,2022-06-06,4502,2021-08-23,1846,540,R02,1,5,5,4502,0,0,0,,0,002,"HILLTOP DR","RT 44",0.00,,Y,A,-,Y,SHA,2,5,-,R,15.265,R,4,N,Y,3,0,1,2,A,-,12,21453,A,N,D,C,A,A,H,-,A,A,0,,,,,Y,,A,01,0,1,0,0,0,0,0,0,0,"- ",EF,40.584011077880859,-122.35785675048828,SHASTA,REDDING,-122.36040496826172,40.582710266113281
9445351,2021,2022-06-09,4502,2021-10-19,1705,540,R05,2,5,5,4502,0,0,0,,0,005,"BENTON DR","NORTH MARKET ST",50.00,W,N,B,-,Y,SHA,2,273,-,-,17.820,I,6,S,N,3,0,1,2,A,-,03,22350,,N,C,C,A,A,H,-,A,A,0,,,,,Y,Y,-,99,0,1,0,0,0,0,0,0,0,"- ","- ",40.599510192871094,-122.38411712646484,SHASTA,REDDING,-122.38417053222656,40.599582672119141
9445887,2021,2022-05-24,4502,2021-08-27,1416,539,R01,5,5,5,4502,0,0,0,,0,001,"OLD OREGON TRL","HARLEY LEIGHTON RD",39.00,S,N,A,-,N,,,,,,,,,,Y,3,0,2,2,A,-,03,22350,,N,C,C,A,A,H,-,A,D,0,,,,,Y,,A,01,0,2,0,0,0,0,0,0,0,"- ","- ",40.570960998535156,-122.30036163330078,SHASTA,REDDING,-122.30664825439453,40.586086273193359
9445888,2021,2022-05-24,4502,2021-08-27,1621,529,R06,5,5,5,4502,0,0,0,,0,006,"LOWE ST","SEQUOIA ST",0.00,,Y,A,-,N,,,,,,,,,,Y,4,0,1,2,A,-,05,21650,,N,A,C,A,A,H,-,A,D,0,,,,,Y,,A,07,0,0,1,0,0,0,0,0,0,"- ","- ",40.58074951171875,-122.38002777099609,SHASTA,REDDING,-122.3800048828125,40.580757141113281
9445891,2021,2022-05-24,4502,2021-08-23,0510,178,R02,1,5,5,4502,0,0,0,,0,002,"CLOVER CREEK ST","GOODWATER AV",622.00,S,N,A,-,N,,,,,,,,,,N,3,0,1,2,A,-,03,22350,,N,D,E,A,A,H,-,C,D,0,,,,,Y,,A,01,0,1,0,0,0,0,0,0,0,"- ","- ",40.568931579589844,-122.32115936279297,SHASTA,REDDING,-122.32115936279297,40.568836212158203
9446349,2021,2022-05-27,4502,2021-09-02,1722,540,R01,4,5,5,4502,0,0,0,,0,001,"OLD ALTURAS RD","ARROYO MANOR DR",0.00,,Y,A,-,N,,,,,,,,,,N,3,0,1,2,A,-,09,21802,A,N,D,G,A,A,H,-,A,D,0,,Y,,,Y,,D,22,0,1,0,0,0,0,1,0,0,"- ","- ",40.587608337402344,-122.33773040771484,SHASTA,REDDING,-122.33769989013672,40.587604522705078
9446358,2021,2022-05-27,4502,2021-09-16,1145,540,R03,4,5,5,4502,0,0,0,,0,003,"AIRPORT RD","MILL LN",60.00,S,N,A,-,N,,,,,,,,,,Y,4,0,1,2,A,-,03,22350,,N,C,C,A,A,H,-,A,A,0,,,,,Y,,D,22,0,0,1,0,0,0,0,0,0,"- ","- ",40.523040771484375,-122.30278015136719,SHASTA,REDDING,-122.30277252197266,40.522861480712891
9446361,2021,2022-05-27,4502,2021-09-08,1616,155,R02,3,5,5,4502,0,0,0,,0,002,"CHURN CREEK RD","PRESIDIO ST",420.00,S,N,A,-,N,,,,,,,,,,N,3,0,1,2,A,-,03,22350,,N,C,C,A,A,H,-,A,D,0,,,,,Y,,A,01,0,1,0,0,0,0,0,0,0,"- ","- ",40.580539703369141,-122.35434722900391,SHASTA,REDDING,-122.35417938232422,40.580970764160156
9446362,2021,2022-05-27,4502,2021-09-21,1911,540,R03,2,5,5,4502,0,0,0,,0,003,"AIRPORT RD","PRESERVE BL",35.00,N,N,A,-,N,,,,,,,,,,Y,3,0,3,2,A,-,03,22350,,N,C,C,A,A,H,-,C,A,0,,,,,Y,,D,22,0,2,1,0,0,0,0,0,0,"- ","- ",40.551750183105469,-122.30280303955078,SHASTA,REDDING,-122.30281066894531,40.551887512207031
9446365,2021,2022-05-27,4502,2021-09-02,1335,526,R03,4,5,5,4502,0,0,0,,0,003,"HARTNELL AV","YANA AV",0.00,,Y,A,-,N,,,,,,,,,,N,4,0,1,2,A,-,09,21801,A,N,D,C,A,A,H,-,A,D,0,,,,,Y,,D,22,0,0,1,0,0,0,0,0,0,"- ","- ",40.563709259033203,-122.33715057373047,SHASTA,REDDING,-122.33712005615234,40.563720703125
9446379,2021,2022-07-07,4502,2021-09-27,2250,167,R06,1,5,5,4502,0,0,0,,0,006,"QUARTZ HILL RD","QUARTZ HILL RD 11194",260.00,W,N,A,-,N,,,,,,,,,,Y,3,0,1,1,A,-,01,23152,A,M,D,-,A,A,H,-,D,D,0,,,,,Y,Y,D,22,0,1,0,0,0,0,0,0,0,"- ","- ",40.596698760986328,-122.40068817138672,SHASTA,REDDING,,
9446383,2021,2022-06-03,4502,2021-09-26,0410,112,R02,7,5,5,4502,0,0,0,,0,002,"LARKSPUR LN",MIRAGLIA,492.00,S,N,A,-,N,,,,,,,,,,Y,2,0,3,1,A,-,08,22107,,N,E,I,A,A,H,-,C,D,0,,,,,Y,,D,22,1,2,0,0,0,0,0,0,0,"- ","- ",40.566131591796875,-122.35533905029297,SHASTA,REDDING,-122.35559844970703,40.566051483154297
9446384,2021,2022-05-27,4502,2021-09-28,1400,540,R02,2,5,5,4502,0,0,0,,0,002,"HILLTOP DR","MISTLETOE LN",15.00,S,N,A,-,N,,,,,,,,,,N,3,0,1,2,A,-,03,22350,,N,C,C,A,A,H,-,A,D,0,,,,,Y,,D,22,0,1,0,0,0,0,0,0,0,"- ","- ",40.578449249267578,-122.35787200927734,SHASTA,REDDING,-122.35788726806641,40.578399658203125
9446457,2021,2022-05-27,4502,2021-09-20,1729,537,R06,1,5,5,4502,0,0,0,,0,006,"TRINITY ST","LIBERTY ST",50.00,E,N,A,-,N,,,,,,,,,,N,3,0,1,1,A,-,06,21755,,N,H,A,A,A,B,-,A,D,0,,,Y,,Y,,C,02,0,1,0,0,0,0,0,0,1,"- ","- ",40.589218139648438,-122.39044189453125,SHASTA,REDDING,-122.3885498046875,40.589675903320312
9446481,2021,2022-05-27,4502,2021-09-19,1715,525,R02,7,5,5,4502,0,0,0,,0,002,"CYPRESS AV","CHURN CREEK RD",0.00,,Y,A,-,N,,,,,,,,,,Y,4,0,2,3,A,-,01,23152,A,N,D,C,A,A,H,-,A,A,0,,,,,Y,Y,A,07,0,0,2,0,0,0,0,0,0,"- ","- ",40.571041107177734,-122.35308837890625,SHASTA,REDDING,-122.35310363769531,40.571037292480469
9446482,2021,2022-05-27,4502,2021-09-18,1429,524,R03,6,5,5,4502,0,0,0,,0,003,"CHURN CREEK RD","HARPOLE LN",92.00,N,N,C,-,N,,,,,,,,,,N,3,0,1,1,A,-,05,21650,,N,A,I,A,B,H,-,A,D,0,,,,,Y,,A,01,0,1,0,0,0,0,0,0,0,"- ","- ",40.554210662841797,-122.35272979736328,SHASTA,REDDING,-122.35295867919922,40.554073333740234
9446483,2021,2022-05-27,4502,2021-09-19,1600,526,R07,7,5,5,4502,0,0,0,,0,007,"LAKE BL","NORTH MARKET ST",0.00,,Y,A,-,N,,,273,,,,,,,N,4,0,1,2,A,-,03,22350,,N,C,C,A,A,H,-,A,A,0,,,,,Y,,A,08,0,0,1,0,0,0,0,0,0,"- ","- ",40.609428405761719,-122.37663269042969,SHASTA,REDDING,-122.37671661376953,40.609439849853516
9446484,2021,2022-05-27,4502,2021-09-04,1408,537,R02,6,5,5,4502,0,0,0,,0,002,"EAST CYPRESS AV","VICTOR AV",30.00,E,N,A,-,N,,,,,,,,,,N,4,0,1,2,A,-,03,22350,,N,C,C,A,A,H,-,A,A,0,,,,,Y,,A,01,0,0,1,0,0,0,0,0,0,"- ","- ",40.570960998535156,-122.33881378173828,SHASTA,REDDING,-122.33869171142578,40.570987701416016
9446487,2021,2022-05-27,4502,2021-09-27,1603,162,R03,1,5,5,4502,0,0,0,,0,003,"CHURN CREEK RD","ALROSE LN",34.00,E,N,A,-,N,,,,,,,,,,Y,2,0,2,3,A,-,09,21801,A,N,A,C,A,A,H,-,A,D,0,,,,,Y,,A,01,1,1,0,0,0,0,0,0,0,"- ","- ",40.538108825683594,-122.34898376464844,SHASTA,REDDING,-122.34774780273438,40.537822723388672
9448495,2021,2022-06-06,4502,2021-10-15,1559,525,R07,5,5,5,4502,0,0,0,,0,007,"NORTH MARKET ST","LAKE BL",0.00,,Y,A,-,N,,,,,,,,,,N,4,0,1,2,A,-,12,21453,A,N,D,C,A,A,H,-,A,A,0,,,,,Y,,A,08,0,0,1,0,0,0,0,0,0,"- ","- ",40.609428405761719,-122.37663269042969,SHASTA,REDDING,-122.37673187255859,40.609420776367188
9448515,2021,2022-06-06,4502,2021-10-20,1843,527,R02,3,5,5,4502,0,0,0,,0,002,"EAST CYPRESS AV","BECHELLI LN",128.00,W,N,A,-,N,,,,,,,,,,N,4,0,1,2,A,-,03,22350,,M,C,C,A,B,H,-,A,A,0,,,,,Y,,D,22,0,0,1,0,0,0,0,0,0,"- ","- ",40.571041107177734,-122.36271667480469,SHASTA,REDDING,-122.36319732666016,40.571048736572266
9448531,2021,2022-06-06,4502,2021-10-22,1117,338,,5,5,5,4502,0,0,0,,0,001,"SHASTA VIEW DR","PALACIO DR",0.00,,Y,A,-,N,,,,,,,,,,Y,3,0,2,2,A,-,12,22450,A,F,D,C,A,A,H,-,A,A,0,,,,,Y,,A,07,0,2,0,0,0,0,0,0,0,"- ","- ",40.5855712890625,-122.32270050048828,SHASTA,REDDING,-122.33007049560547,40.607227325439453
9448542,2021,2022-06-06,4502,2021-10-02,2207,172,R02,6,5,5,4502,0,0,0,,0,002,"CHURN CREEK RD","EAST CYPRESS AV",0.00,,Y,A,-,N,,,,,,,,,,Y,3,0,1,2,A,-,09,21453,C,N,A,C,A,A,H,-,C,A,0,,,,,Y,,D,22,0,1,0,0,0,0,0,0,0,"- ","- ",40.571041107177734,-122.35308837890625,SHASTA,REDDING,-122.35310363769531,40.571037292480469
9448554,2021,2022-06-06,4502,2021-10-08,1457,525,R02,5,5,5,4502,0,0,0,,0,002,"BECHELLI LN","HARTNELL AV",34.00,S,N,A,-,N,,,,,,,,,,N,4,0,1,2,A,-,03,22350,,N,C,C,A,A,H,-,A,A,0,,,,,Y,,D,22,0,0,1,0,0,0,0,0,0,"- ","- ",40.563800811767578,-122.3626708984375,SHASTA,REDDING,-122.36264038085938,40.563697814941406
9448779,2021,2022-06-06,4502,2021-10-25,1931,537,R07,1,5,5,4502,0,0,0,,0,007,"BELTLINE RD","ORSMBY WY",0.00,,Y,B,-,N,,,,,,,,,,Y,2,0,1,2,A,-,09,21800,B,N,D,C,A,A,H,-,C,D,0,,,Y,,Y,,A,01,1,0,0,0,0,0,0,0,0,"- ","- ",40.623680114746094,-122.38793182373047,SHASTA,REDDING,-122.38789367675781,40.623641967773438
9448780,2021,2022-06-06,4502,2021-10-21,1109,526,R05,4,5,5,4502,0,0,0,,0,005,"STARLIGHT BL","BUENAVENTURA BL",0.00,,Y,C,-,N,,,,,,,,,,N,4,0,1,1,A,-,03,22350,,N,F,A,A,B,H,-,A,D,0,,,,,Y,,A,07,0,0,1,0,0,0,0,0,0,"- ","- ",40.567409515380859,-122.40854644775391,SHASTA,REDDING,-122.40856170654297,40.567409515380859
9448781,2021,2022-06-06,4502,2021-10-19,2105,537,R03,2,5,5,4502,0,0,0,,0,003,"RANCHO RD","CHURN CREEK RD",11.00,N,N,C,-,N,,,,,,,,,,Y,4,0,1,1,A,-,03,22350,,N,H,J,A,B,H,-,D,D,0,,,,,Y,,A,01,0,0,1,0,0,0,0,0,0,"- ","- ",40.535190582275391,-122.33577728271484,SHASTA,REDDING,-122.33549499511719,40.534744262695312
9448782,2021,2022-06-06,4502,2021-10-14,1233,526,R06,4,5,5,4502,0,0,0,,0,006,"MIDDLE CREEK RD","BENTON DR",0.00,,Y,A,-,N,,,,,,,,,,Y,4,0,2,2,A,-,09,21802,A,N,D,C,A,A,H,-,A,A,0,,,,,Y,,A,01,0,0,2,0,0,0,0,0,0,"- ","- ",40.590400695800781,-122.40000152587891,SHASTA,REDDING,-122.40122985839844,40.591503143310547
9448784,2021,2022-06-06,4502,2021-10-20,0845,526,R06,3,5,5,4502,0,0,0,,0,006,"WEST ST","11TH ST",0.00,,Y,C,-,N,,,,,,,,,,N,4,0,1,2,A,-,10,21950,A,N,G,B,B,B,H,-,A,D,0,Y,,,,Y,,A,01,0,0,1,0,1,0,0,0,0,"- ","- ",40.587020874023438,-122.39984893798828,SHASTA,REDDING,-122.39980316162109,40.586994171142578
9450283,2021,2022-06-17,4502,2021-09-25,1809,525,R06,6,5,5,4502,0,0,0,,0,006,"PINE ST","EAST ST",0.00,,Y,A,-,Y,SHA,2,273,-,-,16.050,I,5,N,N,4,0,1,2,A,-,09,21804,A,N,A,C,A,A,H,-,A,A,0,,Y,,,Y,,L,04,0,0,1,0,0,0,1,0,0,"- ","- ",40.576869964599609,-122.38630676269531,SHASTA,REDDING,-122.38650512695312,40.577125549316406
9452031,2021,2022-06-01,4502,2021-08-02,2121,123,,1,5,5,4502,0,0,0,,0,001,"CHURN CREEK RD","DANA DR",0.00,,Y,A,-,N,,,,,,,,,,Y,3,0,1,2,A,-,12,21453,A,N,D,C,A,A,H,-,C,A,0,,,,,Y,,A,08,0,1,0,0,0,0,0,0,0,"- ","- ",40.586181640625,-122.35147094726562,SHASTA,REDDING,-122.35152435302734,40.586193084716797
9452032,2021,2022-06-01,4502,2021-08-02,1712,540,R02,1,5,5,4502,0,0,0,,0,002,"CHURN CREEK RD","WALL ST",25.00,N,N,B,-,N,,,,,,,,,,Y,3,0,1,2,A,-,03,22350,,N,C,C,A,A,H,-,A,D,0,,,,,Y,,A,01,0,1,0,0,0,0,0,0,0,"- ","- ",40.573028564453125,-122.35334014892578,SHASTA,REDDING,-122.35312652587891,40.572288513183594
9452034,2021,2022-06-01,4502,2021-08-05,0458,R0044,R02,4,5,5,4502,0,0,0,,0,002,"HARTNELL AV","CHURNCREEK RD",0.00,,Y,A,-,N,,,,,,,,,,N,3,0,2,2,A,-,11,21954,A,N,B,B,-,A,H,-,B,A,0,Y,,Y,,Y,,N,60,0,2,0,0,1,0,0,0,1,"- ","- ",40.563808441162109,-122.3531494140625,SHASTA,REDDING,-122.35311889648438,40.563819885253906
9452035,2021,2022-06-01,4502,2021-08-07,2347,113,R03,6,5,5,4502,0,0,0,,0,003,"AIRPORT RD","ARGYLE RD",300.00,N,N,A,-,N,,,,,,,,,,Y,3,0,1,1,A,-,05,21650,,N,A,I,A,A,H,-,D,A,0,,,,,Y,,A,01,0,1,0,0,0,0,0,0,0,"- ","- ",40.554149627685547,-122.30283355712891,SHASTA,REDDING,-122.30281066894531,40.554954528808594
9452036,2021,2022-06-01,4502,2021-08-08,1322,539,R01,7,5,5,4502,0,0,0,,0,001,"CHURN CREEK RD","DANA DR",0.00,,Y,A,-,N,,,,,,,,,,N,3,0,1,2,A,-,00,22380,,N,C,C,A,A,H,-,A,A,0,,,,,Y,,A,01,0,1,0,0,0,0,0,0,0,"- ","- ",,,SHASTA,REDDING,-122.35152435302734,40.586193084716797
9452037,2021,2022-06-01,4502,2021-08-15,1217,537,R04,7,5,5,4502,0,0,0,,0,004,"CYPRESS AV","CIVIC CENTER DR",700.00,W,N,A,-,N,,,,,,,,,,N,3,0,1,2,A,-,03,22350,,N,H,A,A,A,H,-,A,D,0,,,Y,,Y,,C,03,0,1,0,0,0,0,0,0,1,"- ","- ",40.575740814208984,-122.38327789306641,SHASTA,REDDING,-122.38343048095703,40.575447082519531
9452038,2021,2022-06-01,4502,2021-08-14,1659,529,R01,6,5,5,4502,0,0,0,,0,001,"CHURN CREEK RD","DANA DR",0.00,,Y,A,-,N,,,,,,,,,,Y,4,0,2,2,A,-,12,21453,A,N,D,C,A,A,H,-,A,A,0,,,,,Y,,A,07,0,0,2,0,0,0,0,0,0,"- ","- ",40.586181640625,-122.35147094726562,SHASTA,REDDING,-122.35152435302734,40.586193084716797
9494162,2021,2022-10-18,4502,2021-12-02,0656,158,R07,4,5,5,4502,0,0,0,,0,007,"LAKE BL","ERICKSON WY",292.00,W,N,A,-,Y,SHA,2,299,-,-,24.320,H,-,W,Y,3,0,2,3,A,-,05,21651,A,N,A,C,A,A,H,-,A,D,0,,,,,Y,,D,22,0,2,0,0,0,0,0,0,0,"- ","- ",40.61016845703125,-122.37394714355469,SHASTA,REDDING,-122.37281036376953,40.610488891601562
9494177,2021,2022-10-18,4502,2021-12-03,2356,110,R05,5,5,5,4502,0,0,0,,0,R05,"CALIFORNIA ST","TEHAMA ST",40.00,S,N,A,-,Y,SHA,2,273,-,R,16.720,H,-,S,Y,4,0,1,1,A,-,03,22350,,M,E,I,A,A,H,-,C,D,0,,,,,Y,,A,01,0,0,1,0,0,0,0,0,0,"- ","- ",40.585029602050781,-122.39260101318359,SHASTA,REDDING,-122.39250946044922,40.584892272949219
9498929,2021,2022-11-03,4502,2021-11-15,1817,540,R04,1,5,5,4502,0,0,0,,0,004,"RT 273","CLEAR CREEK RD",75.00,N,N,C,-,Y,SHA,2,273,-,-,11.840,H,-,S,Y,4,0,1,3,A,-,03,22350,,N,C,C,A,B,H,-,C,A,0,,,,,Y,Y,A,01,0,0,1,0,0,0,0,0,0,"- ","- ",,,SHASTA,REDDING,-122.3814697265625,40.516799926757812
9498933,2021,2022-11-03,4502,2021-11-01,0747,539,R04,1,5,5,4502,0,0,0,,0,004,"RT 273","BONNYVIEW RD",962.00,S,N,C,-,Y,SHA,2,273,-,-,12.500,H,-,N,Y,3,0,3,3,A,-,03,22350,,N,C,C,A,B,H,-,A,D,0,,,,,Y,,D,22,0,2,1,0,0,0,0,0,0,"- ","- ",40.528961181640625,-122.38345336914062,SHASTA,REDDING,-122.38296508789062,40.526397705078125
9498934,2021,2022-11-03,4502,2021-12-08,1700,123,,3,5,5,4502,0,0,0,,0,,"RT 273","GIRVAN RD",19993.00,S,N,B,-,Y,SHA,2,273,-,-,11.190,H,-,S,Y,3,0,2,2,A,-,03,22350,,N,C,C,A,A,H,-,C,A,0,,,,,Y,,A,07,0,1,1,0,0,0,0,0,0,"- ","- ",40.506481170654297,-122.37938690185547,SHASTA,REDDING,-122.37989044189453,40.507858276367188
9513317,2021,2022-11-07,4502,2021-12-12,1254,525,R02,7,5,5,4502,0,0,0,,0,002,"SHASTA VIEW DR","GOODWATER AV",605.00,S,N,C,-,N,,,,,,,,,,N,4,0,2,3,A,-,03,22350,,N,C,D,A,B,H,-,A,D,0,,,,,Y,,A,01,0,0,2,0,0,0,0,0,0,"- ","- ",40.569309234619141,-122.32578277587891,SHASTA,REDDING,-122.32556915283203,40.569259643554688
9513343,2021,2022-11-01,4502,2021-11-15,1816,537,R01,1,5,5,4502,0,0,0,,0,001,"SHASTA VIEW DR","INSPIRATION PL",0.00,,Y,B,-,N,,,,,,,,,,Y,3,0,1,1,A,-,01,23152,A,N,E,I,A,A,H,-,C,D,0,,,,,Y,Y,D,22,0,1,0,0,0,0,0,0,0,"- ","- ",40.595809936523438,-122.32501220703125,SHASTA,REDDING,-122.32480621337891,40.595893859863281
9513345,2021,2022-11-01,4502,2021-11-16,0850,193,R02,2,5,5,4502,0,0,0,,0,,"MISTLETOE LN","CARPENTER LN",565.00,E,N,A,-,N,,,,,,,,,,N,3,0,1,2,A,-,05,21650,1,N,G,G,A,A,H,-,A,D,0,,Y,,,Y,,L,04,0,1,0,0,0,0,1,0,0,"- ","- ",,,SHASTA,REDDING,-122.34917449951172,40.578411102294922
9513354,2021,2022-11-01,4502,2021-11-19,0935,110,R04,5,5,5,4502,0,0,0,,0,004,"S BONNEYVIEW RD","EASTSIDE RD",0.00,,Y,B,-,N,,,,,,,,,,Y,4,0,1,2,A,-,09,21453,C,N,D,C,A,B,H,-,A,A,0,,,,,Y,,A,01,0,0,1,0,0,0,0,0,0,"- ","- ",40.529850006103516,-122.38031768798828,SHASTA,REDDING,-122.38034057617188,40.529941558837891
9514173,2021,2022-11-04,4502,2021-12-20,1718,537,R07,1,5,5,4502,0,0,0,,0,007,"TWIN VIEW BL","POPPY HILLS",667.00,S,N,A,-,N,,,,,,,,,,N,4,0,1,2,A,-,03,22350,,N,C,C,A,A,H,-,D,D,0,,,Y,,Y,,C,02,0,0,1,0,0,0,0,0,1,"- ","- ",40.626388549804688,-122.36659240722656,SHASTA,REDDING,-122.36631774902344,40.629291534423828
9514175,2021,2022-11-04,4502,2021-12-08,1816,527,R03,3,5,5,4502,0,0,0,,0,003,"AIRPORT RD","KNIGHTON RD",129.00,S,N,A,-,N,,,,,,,,,,N,3,0,1,2,A,-,01,23152,A,F,H,J,A,A,H,-,C,D,0,,,Y,,Y,Y,A,01,0,1,0,0,0,0,0,0,1,"- ","- ",40.505580902099609,-122.30274200439453,SHASTA,REDDING,-122.30272674560547,40.505214691162109
9514180,2021,2022-11-04,4502,2021-12-12,1000,526,R02,7,5,5,4502,0,0,0,,0,002,"HENDERSON RD","PARKVIEW AV",15.00,S,N,C,-,N,,,,,,,,,,N,4,0,1,2,D,-,00,,,N,E,C,A,B,H,-,A,D,0,,,Y,,Y,,-,"- ",0,0,1,0,0,0,0,0,1,"- ","- ",40.567859649658203,-122.37300872802734,SHASTA,REDDING,-122.37242126464844,40.568019866943359